BIN	TotalMembers	Taxa	Count in Project	Unique
BOLD:AGB1476	3	Tortricidae	3	T
BOLD:AGB1479	1	Tortricidae	1	T
BOLD:AGB1659	1	Tabanidae	1	T
BOLD:AGB1722	1	Sterrhinae	1	T
BOLD:AGB1877	1	Scoliidae	1	T
BOLD:AGB1879	3	Coleoptera	2	T
BOLD:AGB1879	3	Scirtidae	1	T
BOLD:AGB1926	1	Scelionidae	1	T
BOLD:AGB2105	6	Rhyparochromidae	6	T
BOLD:AGB2881	8	Pyralidae	8	T
BOLD:AGB2882	1	Pyralidae	1	T
BOLD:AGB2884	1	Pyralidae	1	T
BOLD:AGB2886	3	Pyralidae	3	T
BOLD:AGB2887	3	Pyralidae	3	T
BOLD:AGB2888	1	Pyralidae	1	T
BOLD:AGB2891	1	Pyralidae	1	T
BOLD:AGB2892	1	Pyralidae	1	T
BOLD:AGB2893	1	Pyralidae	1	T
BOLD:AGB2895	1	Phycitinae	1	T
BOLD:AGB2897	5	Lepidoptera	4	T
BOLD:AGB2897	5	Pyralidae	1	T
BOLD:AGB2969	2	Psychidae	2	T
BOLD:AGB3224	1	Phycitinae	1	T
BOLD:AGB3230	1	Phycitinae	1	T
BOLD:AGB3362	1	Pentatomidae	1	T
BOLD:AGB3459	3	Orthoptera	3	T
BOLD:AGB3466	1	Orthoptera	1	T
BOLD:AGB3472	1	Orthoptera	1	T
BOLD:AGB3474	1	Orthoptera	1	T
BOLD:AGB3486	1	Orthoptera	1	T
BOLD:AGB3487	1	Orthoptera	1	T
BOLD:AGB3488	1	Orthoptera	1	T
BOLD:AGB3511	1	Ophioninae	1	T
BOLD:AGB3643	2	Oecanthidae	2	T
BOLD:AGB3684	2	Nolidae	2	T
BOLD:AGB3707	1	Noctuidae	1	T
BOLD:AGB3708	1	Noctuidae	1	T
BOLD:AGB3709	1	Noctuidae	1	T
BOLD:AGB3710	1	Noctuidae	1	T
BOLD:AGB3711	1	Euteliidae	1	T
BOLD:AGB4095	2	Muscidae	2	T
BOLD:AGB4225	1	Membracidae	1	T
BOLD:AGB4368	1	Limacodidae	1	T
BOLD:AGB4400	2	Lepidoptera	2	T
BOLD:AGB4401	1	Lepidoptera	1	T
BOLD:AGB4403	3	Lepidoptera	3	T
BOLD:AGB4405	65	Lepidoptera	65	T
BOLD:AGB4408	7	Lepidoptera	7	T
BOLD:AGB4409	2	Lepidoptera	2	T
BOLD:AGB4410	2	Erebidae	1	T
BOLD:AGB4410	2	Lepidoptera	1	T
BOLD:AGB4411	1	Lepidoptera	1	T
BOLD:AGB4412	1	Lepidoptera	1	T
BOLD:AGB4413	1	Lepidoptera	1	T
BOLD:AGB4414	2	Lepidoptera	2	T
BOLD:AGB4415	1	Lepidoptera	1	T
BOLD:AGB4416	2	Lepidoptera	2	T
BOLD:AGB4417	2	Lepidoptera	2	T
BOLD:AGB4420	1	Lepidoptera	1	T
BOLD:AGB4421	1	Lepidoptera	1	T
BOLD:AGB4423	1	Lepidoptera	1	T
BOLD:AGB4424	1	Lepidoptera	1	T
BOLD:AGB4425	1	Lepidoptera	1	T
BOLD:AGB4427	1	Lepidoptera	1	T
BOLD:AGB4431	1	Lepidoptera	1	T
BOLD:AGB4432	1	Lepidoptera	1	T
BOLD:AGB4433	1	Lepidoptera	1	T
BOLD:AGB4434	1	Lepidoptera	1	T
BOLD:AGB4435	1	Lepidoptera	1	T
BOLD:AGB4438	1	Lepidoptera	1	T
BOLD:AGB4440	2	Lepidoptera	2	T
BOLD:AGB4492	1	Lepidoptera	1	T
BOLD:AGB4493	1	Lepidoptera	1	T
BOLD:AGB4494	1	Lepidoptera	1	T
BOLD:AGB4497	1	Lepidoptera	1	T
BOLD:AGB4498	1	Lepidoptera	1	T
BOLD:AGB4499	1	Lepidoptera	1	T
BOLD:AGB4500	1	Lepidoptera	1	T
BOLD:AGB4502	1	Lepidoptera	1	T
BOLD:AGB4682	1	Lepidoptera	1	T
BOLD:AGB4771	1	Lepidoptera	1	T
BOLD:AGB4772	3	Lepidoptera	3	T
BOLD:AGB4773	1	Lepidoptera	1	T
BOLD:AGB4774	2	Lepidoptera	2	T
BOLD:AGB4775	1	Lepidoptera	1	T
BOLD:AGB4776	1	Lepidoptera	1	T
BOLD:AGB4895	1	Hypeninae	1	T
BOLD:AGB5544	2	Dorylinae	2	T
BOLD:AGB5636	1	Ichneumonidae	1	T
BOLD:AGB5639	1	Agathidinae	1	T
BOLD:AGB5673	2	Formicidae	2	T
BOLD:AGB5675	1	Ophioninae	1	T
BOLD:AGB5702	1	Dorylinae	1	T
BOLD:AGB5976	1	Doryctinae	1	T
BOLD:AGB5982	1	Rogadinae	1	T
BOLD:AGB5983	2	Hormiinae	2	T
BOLD:AGB5995	1	Ichneumonidae	1	T
BOLD:AGB6603	2	Rhyparochromidae	2	T
BOLD:AGB6617	1	Cicadellidae	1	T
BOLD:AGB6618	1	Belostomatidae	1	T
BOLD:AGB6637	1	Miridae	1	T
BOLD:AGB6646	20	Hemiptera	5	T
BOLD:AGB6646	20	Rhyparochromidae	15	T
BOLD:AGB6656	1	Tingidae	1	T
BOLD:AGB6663	1	Miridae	1	T
BOLD:AGB6667	1	Miridae	1	T
BOLD:AGB6674	1	Miridae	1	T
BOLD:AGB6676	1	Cicadellidae	1	T
BOLD:AGB6685	5	Reduviidae	5	T
BOLD:AGB6696	5	Hemiptera	4	T
BOLD:AGB6696	5	Pentatomidae	1	T
BOLD:AGB6697	3	Hemiptera	2	T
BOLD:AGB6697	3	Rhyparochromidae	1	T
BOLD:AGB6698	2	Hemiptera	1	T
BOLD:AGB6698	2	Pentatomidae	1	T
BOLD:AGB6707	3	Coreidae	1	T
BOLD:AGB6707	3	Hemiptera	2	T
BOLD:AGB6710	1	Cicadellidae	1	T
BOLD:AGB6711	1	Hemiptera	1	T
BOLD:AGB6715	1	Pentatomidae	1	T
BOLD:AGB6716	1	Dictyopharidae	1	T
BOLD:AGB6717	1	Pentatomidae	1	T
BOLD:AGB6790	5	Cydnidae	3	T
BOLD:AGB6790	5	Hemiptera	2	T
BOLD:AGB6793	1	Cixiidae	1	T
BOLD:AGB6794	1	Gerridae	1	T
BOLD:AGB6796	1	Dictyopharidae	1	T
BOLD:AGB6797	1	Dictyopharidae	1	T
BOLD:AGB6801	1	Belostomatidae	1	T
BOLD:AGB6815	1	Miridae	1	T
BOLD:AGB6817	1	Membracidae	1	T
BOLD:AGB6822	1	Harpactorini	1	T
BOLD:AGB6825	5	Cydnidae	1	T
BOLD:AGB6825	5	Hemiptera	4	T
BOLD:AGB6835	1	Reduviidae	1	T
BOLD:AGB6839	2	Cixiidae	2	T
BOLD:AGB6843	7	Cydnidae	1	T
BOLD:AGB6843	7	Hemiptera	6	T
BOLD:AGB6846	3	Cydnidae	3	T
BOLD:AGB6861	1	Pentatomidae	1	T
BOLD:AGB6878	1	Pentatomidae	1	T
BOLD:AGB6886	1	Reduviidae	1	T
BOLD:AGB6888	1	Reduviidae	1	T
BOLD:AGB7043	1	Pentatomidae	1	T
BOLD:AGB7057	1	Cixiidae	1	T
BOLD:AGB7058	30	Fulgoridae	29	T
BOLD:AGB7058	30	Hemiptera	1	T
BOLD:AGB7068	3	Hemiptera	3	T
BOLD:AGB7159	3	Harpalinae	3	T
BOLD:AGB7271	1	Geometrinae	1	T
BOLD:AGB7298	1	Gelechiidae	1	T
BOLD:AGB7302	2	Gelechiidae	2	T
BOLD:AGB7410	3	Eustrotiinae	3	T
BOLD:AGB7542	2	Erebinae	2	T
BOLD:AGB7551	3	Erebidae	3	T
BOLD:AGB7555	1	Erebidae	1	T
BOLD:AGB7557	1	Erebidae	1	T
BOLD:AGB7731	1	Doryctinae	1	T
BOLD:AGB8619	2	Diptera	1	T
BOLD:AGB8619	2	Pyrgotidae	1	T
BOLD:AGB8626	1	Keroplatidae	1	T
BOLD:AGB9833	1	Pyrgotidae	1	T
BOLD:AGB9845	4	Asilidae	4	T
BOLD:AGB9848	1	Ceratopogonidae	1	T
BOLD:AGB9853	2	Chironomidae	1	T
BOLD:AGB9853	2	Diptera	1	T
BOLD:AGB9854	1	Cecidomyiidae	1	T
BOLD:AGB9970	1	Asilidae	1	T
BOLD:AGC0159	3	Crambidae	3	T
BOLD:AGC0161	1	Crambidae	1	T
BOLD:AGC0165	1	Crambidae	1	T
BOLD:AGC0167	8	Crambidae	8	T
BOLD:AGC0170	1	Crambidae	1	T
BOLD:AGC0171	1	Crambidae	1	T
BOLD:AGC0172	1	Crambidae	1	T
BOLD:AGC0242	1	Paussinae	1	T
BOLD:AGC0243	7	Paussinae	7	T
BOLD:AGC0397	1	Hydrophilidae	1	T
BOLD:AGC0401	1	Cerambycidae	1	T
BOLD:AGC0403	3	Cerambycidae	1	T
BOLD:AGC0403	3	Coleoptera	2	T
BOLD:AGC0404	1	Hydrophilidae	1	T
BOLD:AGC0412	1	Anthribidae	1	T
BOLD:AGC0413	2	Carabidae	1	T
BOLD:AGC0413	2	Coleoptera	1	T
BOLD:AGC0414	1	Chrysomelidae	1	T
BOLD:AGC0415	2	Hydrophilidae	2	T
BOLD:AGC0416	2	Coleoptera	1	T
BOLD:AGC0416	2	Hydrophilidae	1	T
BOLD:AGC0418	8	Coleoptera	6	T
BOLD:AGC0418	8	Tenebrionidae	2	T
BOLD:AGC0419	1	Scarabaeidae	1	T
BOLD:AGC0421	12	Coleoptera	11	T
BOLD:AGC0421	12	Curculionidae	1	T
BOLD:AGC0424	2	Coleoptera	1	T
BOLD:AGC0424	2	Scarabaeidae	1	T
BOLD:AGC0427	1	Tenebrionidae	1	T
BOLD:AGC0428	1	Ptinidae	1	T
BOLD:AGC0429	1	Scirtidae	1	T
BOLD:AGC0430	2	Curculionidae	2	T
BOLD:AGC0432	1	Staphylinidae	1	T
BOLD:AGC0438	1	Staphylinidae	1	T
BOLD:AGC0440	1	Carabidae	1	T
BOLD:AGC0441	14	Chrysomelidae	14	T
BOLD:AGC0444	1	Chrysomelidae	1	T
BOLD:AGC0447	1	Nitidulidae	1	T
BOLD:AGC0451	1	Hybosoridae	1	T
BOLD:AGC0600	1	Tenebrionidae	1	T
BOLD:AGC0745	1	Carabidae	1	T
BOLD:AGC0746	2	Chrysomelidae	2	T
BOLD:AGC0747	1	Scarabaeidae	1	T
BOLD:AGC0749	1	Sphindidae	1	T
BOLD:AGC0750	1	Scarabaeidae	1	T
BOLD:AGC0751	2	Bostrichidae	2	T
BOLD:AGC0752	1	Tenebrionidae	1	T
BOLD:AGC0754	1	Erotylidae	1	T
BOLD:AGC0757	1	Chrysomelidae	1	T
BOLD:AGC0759	1	Chrysomelidae	1	T
BOLD:AGC0760	1	Curculionidae	1	T
BOLD:AGC0764	1	Scarabaeidae	1	T
BOLD:AGC0769	1	Endomychidae	1	T
BOLD:AGC0770	1	Carabidae	1	T
BOLD:AGC0774	1	Carabidae	1	T
BOLD:AGC0776	1	Hydrophilidae	1	T
BOLD:AGC0783	1	Bothrideridae	1	T
BOLD:AGC0787	1	Curculionidae	1	T
BOLD:AGC0789	1	Chrysomelidae	1	T
BOLD:AGC0791	2	Cerambycidae	2	T
BOLD:AGC0793	1	Coccinellidae	1	T
BOLD:AGC0794	1	Hydrophilidae	1	T
BOLD:AGC0795	1	Scarabaeidae	1	T
BOLD:AGC0796	1	Scarabaeidae	1	T
BOLD:AGC0798	3	Scarabaeidae	3	T
BOLD:AGC0799	5	Curculionidae	5	T
BOLD:AGC0802	2	Tenebrionidae	2	T
BOLD:AGC0804	1	Carabidae	1	T
BOLD:AGC0807	1	Bostrichidae	1	T
BOLD:AGC0810	2	Bostrichidae	2	T
BOLD:AGC0811	1	Cerambycidae	1	T
BOLD:AGC0818	1	Cleridae	1	T
BOLD:AGC0820	1	Scarabaeidae	1	T
BOLD:AGC0821	1	Tenebrionidae	1	T
BOLD:AGC0822	1	Elateridae	1	T
BOLD:AGC0823	1	Curculionidae	1	T
BOLD:AGC0832	1	Cerambycidae	1	T
BOLD:AGC0833	2	Chrysomelidae	2	T
BOLD:AGC0864	1	Carabidae	1	T
BOLD:AGC0871	1	Cerambycidae	1	T
BOLD:AGC1054	1	Cicadellidae	1	T
BOLD:AGC1340	2	Chloephorinae	2	T
BOLD:AGC1341	1	Chloephorinae	1	T
BOLD:AGC2010	1	Cecidomyiidae	1	T
BOLD:AGC2012	1	Cecidomyiidae	1	T
BOLD:AGC2170	2	Carabidae	2	T
BOLD:AGC2174	2	Carabidae	2	T
BOLD:AGC2178	1	Carabidae	1	T
BOLD:AGC2247	1	Diospilini	1	T
BOLD:AGC2307	1	Boletobiinae	1	T
BOLD:AGC2308	1	Boletobiinae	1	T
BOLD:AGC2318	1	Blattodea	1	T
BOLD:AGC2324	1	Blattodea	1	T
BOLD:AGC3047	1	Araneae	1	T
BOLD:AGC3187	1	Aphrophoridae	1	T
BOLD:AGC3270	1	Amphipsocidae	1	T
BOLD:AGC3514	4	Cydnidae	3	T
BOLD:AGC3514	4	Hemiptera	1	T
BOLD:AGC3576	3	Flatidae	2	T
BOLD:AGC3576	3	Hemiptera	1	T
BOLD:AGC3644	1	Zeuzerinae	1	T
BOLD:AGC3677	1	Ennominae	1	T
BOLD:AGC3785	1	Cheloninae	1	T
BOLD:AGC3824	10	Carabidae	10	T
BOLD:AGC3939	1	Lymexylidae	1	T
BOLD:AGC4515	5	Bagisarinae	5	T
BOLD:AGC4734	1	Ennominae	1	T
BOLD:AGC4842	1	Tachininae	1	T
BOLD:AGC4870	1	Erebidae	1	T
BOLD:AGC5303	2	Spilomelinae	2	T
BOLD:AGC5304	2	Spilomelinae	2	T
BOLD:AGC5623	3	Phycitinae	3	T
BOLD:AGC5767	1	Carabidae	1	T
BOLD:AGC5768	1	Carabidae	1	T
BOLD:AGC5769	1	Bostrichidae	1	T
BOLD:AGC5770	1	Bostrichidae	1	T
BOLD:AGC5788	1	Cleridae	1	T
BOLD:AGC6123	1	Orthoptera	1	T
BOLD:AGC6126	1	Orthoptera	1	T
BOLD:AGC6418	1	Lepidoptera	1	T
BOLD:AGC6467	1	Lepidoptera	1	T
BOLD:AGC6468	1	Lepidoptera	1	T
BOLD:AGC6469	1	Lepidoptera	1	T
BOLD:AGC6663	1	Scelionidae	1	T
BOLD:AGC6668	1	Braconinae	1	T
BOLD:AGC7411	1	Opiinae	1	T
BOLD:AGC7427	1	Ichneumonidae	1	T
BOLD:AGC7594	1	Miridae	1	T
BOLD:AGC7595	1	Reduviidae	1	T
BOLD:AGC7596	1	Reduviidae	1	T
BOLD:AGC7607	1	Flatidae	1	T
BOLD:AGC7608	1	Hemiptera	1	T
BOLD:AGC7617	1	Hemiptera	1	T
BOLD:AGC7618	1	Derbidae	1	T
BOLD:AGC7623	1	Aleyrodidae	1	T
BOLD:AGC7627	1	Miridae	1	T
BOLD:AGC7663	1	Derbidae	1	T
BOLD:AGC7665	1	Cixiidae	1	T
BOLD:AGC7666	1	Cicadellidae	1	T
BOLD:AGC7671	1	Pentatomidae	1	T
BOLD:AGC7673	1	Reduviidae	1	T
BOLD:AGC7675	1	Pentatomidae	1	T
BOLD:AGC7811	1	Reduviidae	1	T
BOLD:AGC7812	1	Pentatomidae	1	T
BOLD:AGC7813	1	Pentatomidae	1	T
BOLD:AGC9347	1	Histeridae	1	T
BOLD:AGC9348	1	Bostrichidae	1	T
BOLD:AGC9350	1	Curculionidae	1	T
BOLD:AGC9353	1	Cerambycidae	1	T
BOLD:AGC9359	1	Elateridae	1	T
BOLD:AGC9362	1	Brentidae	1	T
BOLD:AGC9363	1	Elateridae	1	T
BOLD:AGC9368	1	Curculionidae	1	T
BOLD:AGC9382	1	Curculionidae	1	T
BOLD:AGC9386	1	Nitidulidae	1	T
BOLD:AGC9387	1	Brentidae	1	T
BOLD:AGC9393	1	Tenebrionidae	1	T
BOLD:AGC9396	1	Brentidae	1	T
BOLD:AGC9399	1	Phalacridae	1	T
BOLD:AGC9400	1	Cerambycidae	1	T
BOLD:AGC9402	1	Chrysomelidae	1	T
BOLD:AGC9403	1	Carabidae	1	T
BOLD:AGC9407	1	Cerambycidae	1	T
BOLD:AGC9408	1	Nitidulidae	1	T
BOLD:AGC9409	1	Curculionidae	1	T
BOLD:AGC9410	1	Elateridae	1	T
BOLD:AGC9411	1	Cerambycidae	1	T
BOLD:AGC9412	1	Cerambycidae	1	T
BOLD:AGC9413	1	Lymexylidae	1	T
BOLD:AGC9432	1	Hydrophilidae	1	T
BOLD:AGC9437	1	Tenebrionidae	1	T
BOLD:AGC9438	1	Elateridae	1	T
BOLD:AGC9453	1	Nitidulidae	1	T
BOLD:AGC9574	1	Cerambycidae	1	T
BOLD:AGC9575	1	Tenebrionidae	1	T
BOLD:AGC9576	1	Chrysomelidae	1	T
BOLD:AGC9577	1	Curculionidae	1	T
BOLD:AGC9578	1	Scarabaeidae	1	T
BOLD:AGC9579	1	Cerambycidae	1	T
BOLD:AGC9580	1	Chrysomelidae	1	T
BOLD:AGC9581	1	Curculionidae	1	T
BOLD:AGC9582	1	Scarabaeidae	1	T
BOLD:AGC9583	1	Chrysomelidae	1	T
BOLD:AGC9584	1	Biphyllidae	1	T
BOLD:AGC9585	1	Staphylinidae	1	T
BOLD:AGD0035	1	Tortricidae	1	T
BOLD:AGD0365	1	Tenebrionidae	1	T
BOLD:AGD0440	1	Tachinidae	1	T
BOLD:AGD1390	1	Rhyparochromidae	1	T
BOLD:AGD1554	1	Pyralidae	1	T
BOLD:AGD3091	1	Orthoptera	1	T
BOLD:AGD3199	1	Olethreutinae	1	T
BOLD:AGD3289	1	Nolidae	1	T
BOLD:AGD3292	1	Noctuidae	1	T
BOLD:AGD4250	1	Mesoveliidae	1	T
BOLD:AGD4450	1	Mantodea	1	T
BOLD:AGD4497	1	Lycosidae	1	T
BOLD:AGD4952	1	Lepidoptera	1	T
BOLD:AGD4954	1	Lepidoptera	1	T
BOLD:AGD4956	3	Lepidoptera	3	T
BOLD:AGD4957	1	Lepidoptera	1	T
BOLD:AGD4959	5	Lepidoptera	5	T
BOLD:AGD4960	4	Lepidoptera	4	T
BOLD:AGD4961	1	Lepidoptera	1	T
BOLD:AGD4962	1	Lepidoptera	1	T
BOLD:AGD4963	1	Lepidoptera	1	T
BOLD:AGD4964	1	Lepidoptera	1	T
BOLD:AGD5035	1	Lepidoptera	1	T
BOLD:AGD5036	1	Lepidoptera	1	T
BOLD:AGD5038	1	Lepidoptera	1	T
BOLD:AGD5600	1	Ichneumonidae	1	T
BOLD:AGD5756	1	Rogadinae	1	T
BOLD:AGD7363	1	Euphorinae	1	T
BOLD:AGD7364	2	Doryctinae	2	T
BOLD:AGD7365	1	Braconinae	1	T
BOLD:AGD8099	2	Reduviidae	2	T
BOLD:AGD8101	2	Pentatomidae	2	T
BOLD:AGD8103	6	Cydnidae	6	T
BOLD:AGD8106	2	Cydnidae	2	T
BOLD:AGD8107	1	Pentatomidae	1	T
BOLD:AGD8108	2	Pentatomidae	2	T
BOLD:AGD8109	2	Cicadellidae	2	T
BOLD:AGD8266	1	Cydnidae	1	T
BOLD:AGD8270	1	Pentatomidae	1	T
BOLD:AGD8271	1	Reduviidae	1	T
BOLD:AGD8280	2	Hemiptera	2	T
BOLD:AGD8289	1	Cydnidae	1	T
BOLD:AGD8292	1	Stenocephalidae	1	T
BOLD:AGD8295	1	Pentatomidae	1	T
BOLD:AGD8298	1	Pentatomidae	1	T
BOLD:AGD8345	7	Carabidae	6	T
BOLD:AGD8345	7	Harpalinae	1	T
BOLD:AGD8346	4	Harpalinae	4	T
BOLD:AGD8441	1	Gracillariidae	1	T
BOLD:AGD8563	1	Gelechiidae	1	T
BOLD:AGD8675	1	Formicidae	1	T
BOLD:AGD8981	1	Eulophidae	1	T
BOLD:AGD9137	1	Erebinae	1	T
BOLD:AGD9283	1	Elateridae	1	T
BOLD:AGD9284	2	Elateridae	2	T
BOLD:AGD9320	1	Dytiscidae	1	T
BOLD:AGE2103	1	Delphacidae	1	T
BOLD:AGE2266	1	Curculionidae	1	T
BOLD:AGE2547	2	Scarabaeidae	2	T
BOLD:AGE2548	21	Scarabaeidae	21	T
BOLD:AGE2549	2	Scarabaeidae	2	T
BOLD:AGE2550	2	Elateridae	2	T
BOLD:AGE2551	6	Chrysomelidae	6	T
BOLD:AGE2557	2	Cerambycidae	2	T
BOLD:AGE2558	2	Curculionidae	2	T
BOLD:AGE2559	1	Laemophloeidae	1	T
BOLD:AGE2661	2	Nitidulidae	2	T
BOLD:AGE2662	2	Curculionidae	2	T
BOLD:AGE2663	1	Cerambycidae	1	T
BOLD:AGE3020	1	Cleridae	1	T
BOLD:AGE3025	2	Scarabaeidae	2	T
BOLD:AGE3080	1	Chrysomelidae	1	T
BOLD:AGE3094	1	Scarabaeidae	1	T
BOLD:AGE3102	2	Elateridae	2	T
BOLD:AGE3118	1	Scarabaeidae	1	T
BOLD:AGE3125	1	Scarabaeidae	1	T
BOLD:AGE3127	1	Carabidae	1	T
BOLD:AGE3137	2	Scarabaeidae	2	T
BOLD:AGE3140	1	Scarabaeidae	1	T
BOLD:AGE3145	1	Cerambycidae	1	T
BOLD:AGE3146	1	Chrysomelidae	1	T
BOLD:AGE3152	1	Scarabaeidae	1	T
BOLD:AGE3153	2	Staphylinidae	2	T
BOLD:AGE3154	6	Cicindelinae	6	T
BOLD:AGE3155	1	Drilini	1	T
BOLD:AGE3157	1	Carabidae	1	T
BOLD:AGE3159	1	Scarabaeidae	1	T
BOLD:AGE3160	1	Carabidae	1	T
BOLD:AGE3278	1	Cleridae	1	T
BOLD:AGE3830	1	Chloropidae	1	T
BOLD:AGE3895	1	Chironomidae	1	T
BOLD:AGE4049	1	Cerambycidae	1	T
BOLD:AGE4503	1	Cecidomyiidae	1	T
BOLD:AGE4870	3	Carabidae	3	T
BOLD:AGE4871	2	Carabidae	2	T
BOLD:AGE4872	1	Carabidae	1	T
BOLD:AGE4873	1	Carabidae	1	T
BOLD:AGE4875	1	Carabidae	1	T
BOLD:AGE4876	1	Carabidae	1	T
BOLD:AGE4877	1	Carabidae	1	T
BOLD:AGE4878	1	Carabidae	1	T
BOLD:AGE4879	1	Carabidae	1	T
BOLD:AGE5150	1	Bucculatricidae	1	T
BOLD:AGE5205	1	Euphorinae	1	T
BOLD:AGE5208	1	Doryctinae	1	T
BOLD:AGE5324	1	Blattodea	1	T
BOLD:AGE5325	3	Blattodea	3	T
BOLD:AGE5930	1	Arachnida	1	T
BOLD:AGE5934	1	Arachnida	1	T
BOLD:AGE5935	1	Arachnida	1	T
BOLD:AGE5955	2	Aphrophoridae	2	T
BOLD:AGE6359	1	Agrypninae	1	T
BOLD:AGE6383	2	Coccygidium	2	T
BOLD:AGE7424	2	Scarabaeidae	2	T
BOLD:AGE7614	2	Rogadinae	2	T
BOLD:AGE7967	3	Pyrrhocoridae	3	T
BOLD:AGE8097	2	Cydnidae	2	T
BOLD:AGE8769	1	Acontiinae	1	T
BOLD:AGE8912	1	Staphylinidae	1	T
BOLD:AGE8973	1	Carabidae	1	T
BOLD:AGE9058	2	Spilomelinae	2	T
BOLD:AGG2840	2	Pyralidae	2	T
BOLD:AAA0965	182	Galleriinae	3	F
BOLD:AAA2326	4298	Apis	13	F
BOLD:AAA2393	203	Sphinginae	21	F
BOLD:AAA3666	552	Spilomelinae	3	F
BOLD:AAA3965	444	Spilomelinae	4	F
BOLD:AAA3967	86	Spilomelinae	15	F
BOLD:AAA4631	174	Macroglossinae	8	F
BOLD:AAA5223	1736	Helicoverpa	3	F
BOLD:AAA5853	378	Formicinae	36	F
BOLD:AAA6020	734	Muscinae	3	F
BOLD:AAA6021	556	Muscinae	41	F
BOLD:AAA6139	292	Isturgia deerraria	3	F
BOLD:AAA6140	97	Ennominae	13	F
BOLD:AAA6144	42	Ennominae	1	F
BOLD:AAA6622	273	Saturniinae	1	F
BOLD:AAA6644	843	Noctuinae	2	F
BOLD:AAA6702	83	Saturniinae	3	F
BOLD:AAA8493	104	Erebinae	5	F
BOLD:AAA8548	63	Macroglossinae	3	F
BOLD:AAA8550	30	Macroglossinae	5	F
BOLD:AAA8981	27	Bagisarinae	13	F
BOLD:AAA8982	475	Bagisarinae	204	F
BOLD:AAA9360	18	Sterrhinae	1	F
BOLD:AAA9585	124	Smerinthinae	5	F
BOLD:AAA9752	22	Ennominae	6	F
BOLD:AAA9753	19	Ennominae	1	F
BOLD:AAA9756	30	Ennominae	4	F
BOLD:AAA9757	43	Ennominae	11	F
BOLD:AAA9867	108	Macroglossinae	3	F
BOLD:AAB0451	89	Macroglossinae	6	F
BOLD:AAB0452	91	Macroglossinae	15	F
BOLD:AAB0645	114	Macroglossinae	11	F
BOLD:AAB1719	128	Spilomelinae	2	F
BOLD:AAB2462	131	Phycitinae	1	F
BOLD:AAB2756	1110	Spilomelinae	39	F
BOLD:AAB2945	100	Hypocalinae	1	F
BOLD:AAB3301	25	Macroglossinae	1	F
BOLD:AAB3384	1066	Plusiinae	1	F
BOLD:AAB3385	162	Plusiinae	11	F
BOLD:AAB3452	44	Macroglossinae	3	F
BOLD:AAB4561	19	Smerinthinae	2	F
BOLD:AAB4649	138	Chloephorinae	25	F
BOLD:AAB4914	105	Geometrinae	7	F
BOLD:AAB5389	267	Spilomelinae	3	F
BOLD:AAB5648	347	Boletobiinae	11	F
BOLD:AAB5675	173	Scoliopteryginae	10	F
BOLD:AAB5956	80	Ennominae	30	F
BOLD:AAB6342	45	Smerinthinae	1	F
BOLD:AAB6409	754	Dichomeridinae	3	F
BOLD:AAB6694	71	Macroglossinae	31	F
BOLD:AAB6838	30	Spilomelinae	4	F
BOLD:AAB6840	62	Spilomelinae	15	F
BOLD:AAB7420	134	Phycitinae	16	F
BOLD:AAB7505	31	Ennominae	5	F
BOLD:AAB7727	42	Spilomelinae	6	F
BOLD:AAB7802	265	Scoliopteryginae	11	F
BOLD:AAB9246	11	Galleriinae	1	F
BOLD:AAB9605	222	Phycitinae	1	F
BOLD:AAB9934	49	Macroglossinae	3	F
BOLD:AAC0297	71	Spilomelinae	2	F
BOLD:AAC1043	150	Palpita	16	F
BOLD:AAC1143	10	Smerinthinae	1	F
BOLD:AAC1283	41	Aediinae	2	F
BOLD:AAC1478	39	Macroglossinae	1	F
BOLD:AAC1664	117	Aganainae	5	F
BOLD:AAC1744	1938	Cosmopterix	1	F
BOLD:AAC2453	59	Chloephorinae	8	F
BOLD:AAC3315	10	Macroglossinae	1	F
BOLD:AAC3410	84	Plusiinae	1	F
BOLD:AAC4011	44	Hypeninae	2	F
BOLD:AAC4571	52	Sterrhinae	6	F
BOLD:AAC4722	90	Spilomelinae	2	F
BOLD:AAC5089	103	Acontiinae	11	F
BOLD:AAC5136	20	Macroglossinae	1	F
BOLD:AAC5466	139	Spilomelinae	14	F
BOLD:AAC5576	87	Chloephorinae	12	F
BOLD:AAC6479	22	Smerinthinae	1	F
BOLD:AAC6611	44	Boletobiinae	10	F
BOLD:AAC6909	14	Spilomelinae	1	F
BOLD:AAC6999	57	Spilomelinae	1	F
BOLD:AAC7171	12	Smerinthinae	2	F
BOLD:AAC7805	50	Scoliopteryginae	2	F
BOLD:AAC8279	185	Noctuinae	14	F
BOLD:AAC8585	76	Ennominae	4	F
BOLD:AAC8770	14	Aganainae	2	F
BOLD:AAC9089	56	Smerinthinae	6	F
BOLD:AAC9294	2166	Balclutha	2	F
BOLD:AAC9900	84	Arctiinae	5	F
BOLD:AAC9910	19	Sterrhinae	2	F
BOLD:AAD0760	200	Cosmopteriginae	1	F
BOLD:AAD1503	114	Erebinae	2	F
BOLD:AAD1804	51	Ennominae	2	F
BOLD:AAD2376	51	Noctuinae	2	F
BOLD:AAD3107	124	Bagisarinae	2	F
BOLD:AAD3161	15	Spilomelinae	2	F
BOLD:AAD3375	150	Coccygidium	6	F
BOLD:AAD3428	199	Spilomelinae	1	F
BOLD:AAD4147	21	Boletobiinae	7	F
BOLD:AAD4283	123	Chrysomyinae	2	F
BOLD:AAD4769	627	Balclutha	1	F
BOLD:AAD5570	8	Saturniinae	1	F
BOLD:AAD6690	5	Spilomelinae	2	F
BOLD:AAD6907	11	Spilomelinae	1	F
BOLD:AAD6908	20	Spilomelinae	1	F
BOLD:AAD6940	25	Arctiinae	8	F
BOLD:AAD7442	29	Sterrhinae	2	F
BOLD:AAD8297	44	Noctuinae	8	F
BOLD:AAD8430	24	Arctiinae	7	F
BOLD:AAD9056	42	Chloephorinae	2	F
BOLD:AAD9194	10	Macronematinae	1	F
BOLD:AAD9727	159	Spilomelinae	1	F
BOLD:AAE0638	43	Spilomelinae	6	F
BOLD:AAE1121	193	Hypeninae	6	F
BOLD:AAE1174	19	Crambinae	2	F
BOLD:AAE1700	152	Amphipyrinae	17	F
BOLD:AAE1907	31	Erebinae	5	F
BOLD:AAE2250	75	Pyraustinae	2	F
BOLD:AAE2357	47	Bagisarinae	1	F
BOLD:AAE2640	17	Arctiinae	1	F
BOLD:AAE3052	27	Crambidae	1	F
BOLD:AAE3110	10	Macroglossinae	1	F
BOLD:AAE3138	15	Arctiinae	1	F
BOLD:AAE3301	310	Erebinae	11	F
BOLD:AAE4039	6	Macroglossinae	1	F
BOLD:AAE4147	98	Arctiinae	20	F
BOLD:AAE4276	46	Noctuinae	2	F
BOLD:AAE4331	58	Eustrotiinae	2	F
BOLD:AAE4777	11	Acontiinae	3	F
BOLD:AAE5258	40	Spilomelinae	1	F
BOLD:AAE5911	268	Hypeninae	2	F
BOLD:AAE6388	15	Arctiinae	4	F
BOLD:AAE6976	59	Spilomelinae	3	F
BOLD:AAE7216	38	Chloephorinae	3	F
BOLD:AAE7729	330	Olethreutinae	23	F
BOLD:AAE8096	12	Smerinthinae	4	F
BOLD:AAE9138	141	Noctuinae	2	F
BOLD:AAE9575	8	Geometrinae	1	F
BOLD:AAE9576	5	Geometrinae	1	F
BOLD:AAF0098	73	Arctiinae	2	F
BOLD:AAF0510	67	Cemus	5	F
BOLD:AAF0510	67	Delphacinae	6	F
BOLD:AAF0903	155	Erebinae	20	F
BOLD:AAF2269	62	Anthene	1	F
BOLD:AAF2524	12	Arctiinae	7	F
BOLD:AAF2660	28	Geometrinae	2	F
BOLD:AAF2995	62	Arctiinae	2	F
BOLD:AAF3534	19	Ennominae	1	F
BOLD:AAF5760	75	Pyraustinae	8	F
BOLD:AAG0134	281	Chrysopeleiinae	1	F
BOLD:AAG0440	19	Phycitinae	4	F
BOLD:AAG0802	65	Agaristinae	19	F
BOLD:AAG1025	6	Ennominae	1	F
BOLD:AAG3121	82	Spilomelinae	4	F
BOLD:AAG3123	13	Spilomelinae	3	F
BOLD:AAG5815	50	Noctuinae	2	F
BOLD:AAG5834	46	Erebinae	1	F
BOLD:AAG5840	277	Erebinae	14	F
BOLD:AAG5842	94	Erebinae	1	F
BOLD:AAG5945	35	Erebinae	6	F
BOLD:AAG5947	4	Herminiinae	1	F
BOLD:AAG6096	432	Scoliopteryginae	11	F
BOLD:AAG6139	345	Boletobiinae	24	F
BOLD:AAG6141	12	Erebidae	1	F
BOLD:AAG6184	102	Noterinae	5	F
BOLD:AAG6344	55	Arctiinae	9	F
BOLD:AAG6346	343	Arctiinae	15	F
BOLD:AAG6350	70	Arctiinae	1	F
BOLD:AAG6391	5	Sciaridae	1	F
BOLD:AAG6409	69	Ceratopogonidae	4	F
BOLD:AAG7062	681	Formicinae	1	F
BOLD:AAG8673	34	Flatidae	7	F
BOLD:AAG8731	351	Orsillinae	1	F
BOLD:AAG9295	155	Delphacinae	4	F
BOLD:AAG9416	25	Lymantriinae	4	F
BOLD:AAH0353	113	Hybosorinae	35	F
BOLD:AAH0736	37	Ennominae	4	F
BOLD:AAH4337	21	Acontiinae	4	F
BOLD:AAH4446	78	Pyraustinae	13	F
BOLD:AAH4802	293	Gelechiinae	1	F
BOLD:AAH5926	16	Phalerinae	2	F
BOLD:AAH5999	30	Noctuidae	1	F
BOLD:AAH6020	46	Hypeninae	2	F
BOLD:AAH6045	20	Ennominae	2	F
BOLD:AAH6135	12	Notodontidae	1	F
BOLD:AAH6149	12	Lymantriinae	2	F
BOLD:AAH6187	43	Chloephorinae	2	F
BOLD:AAH6196	26	Arctiinae	3	F
BOLD:AAH6222	10	Phalerinae	1	F
BOLD:AAH6253	276	Erebinae	2	F
BOLD:AAH7346	33	Lasiocampinae	1	F
BOLD:AAH8639	4	Rogadinae	1	F
BOLD:AAI0164	18	Sterrhinae	1	F
BOLD:AAI1564	79	Arctiinae	9	F
BOLD:AAI2780	41	Boletobiinae	5	F
BOLD:AAI2869	11	Phanerotoma	1	F
BOLD:AAI3435	19	Arctiinae	1	F
BOLD:AAI4544	9	Amicrocentrum	7	F
BOLD:AAI4783	32	Phycitinae	10	F
BOLD:AAI5186	16	Ophioninae	3	F
BOLD:AAI5266	140	Noctuinae	34	F
BOLD:AAI6233	61	Arctiinae	15	F
BOLD:AAI6448	6	Larentiinae	1	F
BOLD:AAI7652	22	Geometrinae	1	F
BOLD:AAI8849	268	Erebinae	3	F
BOLD:AAI9950	18	Aganainae	4	F
BOLD:AAJ0496	37	Hydropsychinae	3	F
BOLD:AAJ0521	12	Hydropsychinae	1	F
BOLD:AAJ0527	31	Ennominae	9	F
BOLD:AAJ0557	18	Ennominae	3	F
BOLD:AAJ0600	38	Coccygidium	9	F
BOLD:AAJ1043	11	Ennominae	3	F
BOLD:AAJ1142	30	Macrotermitinae	5	F
BOLD:AAJ1233	36	Macronematinae	8	F
BOLD:AAJ2244	26	Olethreutinae	1	F
BOLD:AAJ5613	38	Olethreutinae	1	F
BOLD:AAJ6293	57	Oedipodinae	2	F
BOLD:AAJ6790	86	Erebinae	1	F
BOLD:AAJ7464	27	Erebinae	1	F
BOLD:AAJ7497	495	Conocephalinae	6	F
BOLD:AAJ8268	31	Arctiinae	7	F
BOLD:AAK1509	90	Anacampsinae	3	F
BOLD:AAK3749	221	Herminiinae	18	F
BOLD:AAK5584	93	Erebinae	3	F
BOLD:AAK6780	60	Erebinae	6	F
BOLD:AAK8674	70	Noctuinae	12	F
BOLD:AAL5466	97	Euplatypus	1	F
BOLD:AAL6759	71	Cicadellinae	3	F
BOLD:AAL8220	343	Rhyparochrominae	7	F
BOLD:AAL8498	3	Noctuidae	1	F
BOLD:AAL8617	42	Crambidae	1	F
BOLD:AAL8617	42	Spilomelinae	20	F
BOLD:AAL8675	8	Arctiinae	2	F
BOLD:AAL8684	5	Noctuidae	1	F
BOLD:AAL8688	31	Calpinae	1	F
BOLD:AAL8702	125	Arctiinae	49	F
BOLD:AAL8706	89	Arctiinae	63	F
BOLD:AAL8725	15	Psychidae	6	F
BOLD:AAL8884	27	Ennominae	1	F
BOLD:AAL9257	9	Noctuinae	3	F
BOLD:AAL9924	40	Lasiocampinae	2	F
BOLD:AAM5089	20	Sterrhinae	3	F
BOLD:AAM6805	95	Delphacidae	3	F
BOLD:AAM6839	5	Erebinae	2	F
BOLD:AAM7055	84	Phycitinae	5	F
BOLD:AAM7056	154	Phycitinae	41	F
BOLD:AAM9069	21	Erebinae	1	F
BOLD:AAM9080	9	Erebinae	1	F
BOLD:AAM9159	13	Lymantriinae	1	F
BOLD:AAN0893	25	Erebinae	6	F
BOLD:AAN2380	4	Chloephorinae	2	F
BOLD:AAN4051	52	Nolinae	1	F
BOLD:AAN4439	116	Spilomelinae	1	F
BOLD:AAN4859	9	Hydropsychinae	2	F
BOLD:AAN8373	101	Iassinae	25	F
BOLD:AAN8818	31	Bagisarinae	4	F
BOLD:AAO1259	7	Ennominae	1	F
BOLD:AAO3092	163	Amphipyrinae	49	F
BOLD:AAO5761	22	Cicadellinae	5	F
BOLD:AAO6725	71	Coccinellinae	1	F
BOLD:AAO7131	30	Cicadellinae	2	F
BOLD:AAO9963	129	Deltocephalinae	3	F
BOLD:AAP1749	7	Chloephorinae	1	F
BOLD:AAP1752	83	Chloephorinae	56	F
BOLD:AAP1776	23	Bagisarinae	3	F
BOLD:AAP1786	17	Targallodes rufula	4	F
BOLD:AAP1794	9	Noctuinae	1	F
BOLD:AAP1985	155	Condicinae	51	F
BOLD:AAP2071	5	Lepidoptera	1	F
BOLD:AAP2179	28	Geometrinae	1	F
BOLD:AAP2377	86	Nolinae	2	F
BOLD:AAP2421	27	Ennominae	1	F
BOLD:AAP3255	21	Geometridae	1	F
BOLD:AAP3406	31	Geometrinae	2	F
BOLD:AAP3517	61	Rhyparochrominae	20	F
BOLD:AAP5732	9	Ennominae	1	F
BOLD:AAP6762	5	Yponomeutidae	1	F
BOLD:AAP7121	49	Harpalinae	17	F
BOLD:AAP7901	22	Cicindelinae	2	F
BOLD:AAP8295	22	Chloephorinae	17	F
BOLD:AAP8743	16	Nolinae	1	F
BOLD:AAP9156	11	Nolinae	1	F
BOLD:AAQ0108	10	Thomisidae	1	F
BOLD:AAQ0702	19	Nolidae	1	F
BOLD:AAQ0816	19	Dytiscinae	1	F
BOLD:AAQ1028	36	Stricticollis tobias	1	F
BOLD:AAQ1375	8	Spilomelinae	3	F
BOLD:AAQ1760	48	Ennominae	3	F
BOLD:AAR3803	52	Macrotermitinae	20	F
BOLD:AAS0174	178	Coccygidium	5	F
BOLD:AAU0042	9	Lasiocampinae	1	F
BOLD:AAU0239	6	Arctiinae	5	F
BOLD:AAU0383	9	Lasiocampinae	1	F
BOLD:AAU1134	17	Lasiocampinae	8	F
BOLD:AAU2258	9	Ennominae	1	F
BOLD:AAU2565	10	Lasiocampinae	1	F
BOLD:AAU2847	13	Sterrhinae	1	F
BOLD:AAU2980	30	Marathyssa cuneata	3	F
BOLD:AAU3346	452	Pentatominae	7	F
BOLD:AAU4515	45	Coreinae	4	F
BOLD:AAU4812	154	Phycitinae	1	F
BOLD:AAU5769	5	Noctuidae	1	F
BOLD:AAU5771	107	Erebinae	15	F
BOLD:AAU7990	84	Chrysauginae	7	F
BOLD:AAV0133	9	Pyrrhocoridae	1	F
BOLD:AAV0432	6	Carabidae	1	F
BOLD:AAV1082	115	Sarcophaginae	1	F
BOLD:AAV1870	13	Pentatominae	1	F
BOLD:AAV2223	129	Hypeninae	2	F
BOLD:AAV2261	77	Boletobiinae	3	F
BOLD:AAV2396	10	Pyralinae	3	F
BOLD:AAV2444	15	Limacodinae	2	F
BOLD:AAV3311	14	Stathmopodidae	2	F
BOLD:AAV3453	18	Ennominae	1	F
BOLD:AAV4243	181	Delphacinae	2	F
BOLD:AAV4246	49	Nolinae	1	F
BOLD:AAV4940	47	Oedipodinae	3	F
BOLD:AAV5822	18	Alydinae	2	F
BOLD:AAV7651	392	Chironominae	2	F
BOLD:AAV7792	11	Lasiocampinae	2	F
BOLD:AAV8326	207	Phycitinae	127	F
BOLD:AAV8353	8	Brachycerinae	3	F
BOLD:AAV9997	31	Lasiocampinae	4	F
BOLD:AAW0481	61	Acontiinae	2	F
BOLD:AAW0504	65	Erebinae	1	F
BOLD:AAW2838	10	Geometrinae	7	F
BOLD:AAW4645	7	Eustrotiinae	1	F
BOLD:AAW5122	39	Praydidae	1	F
BOLD:AAW5335	194	Lymantriinae	59	F
BOLD:AAW9611	5	Sterrhinae	1	F
BOLD:AAX1998	34	Tenebrioninae	2	F
BOLD:AAX2148	22	Oxypilinae	13	F
BOLD:AAX3946	2	Miomantidae	1	F
BOLD:AAX4222	60	Macrotermitinae	24	F
BOLD:AAX9110	25	Dorylinae	14	F
BOLD:AAX9782	8	Arctiinae	1	F
BOLD:AAY0246	16	Rhaconotus	1	F
BOLD:AAY2915	4	Plyctes	2	F
BOLD:AAY6104	18	Arctiinae	1	F
BOLD:AAY7133	15	Noctuidae	2	F
BOLD:AAY7157	22	Agaristinae	1	F
BOLD:AAY7350	50	Erebinae	2	F
BOLD:AAY7360	11	Plusiinae	2	F
BOLD:AAZ1689	128	Oedipodinae	6	F
BOLD:AAZ2337	283	Pyrrhocoridae	152	F
BOLD:AAZ3759	95	Spilomelinae	48	F
BOLD:AAZ4333	10	Coccinellidae	3	F
BOLD:AAZ5493	17	Lepidoptera	4	F
BOLD:AAZ5579	110	Gelechiinae	8	F
BOLD:AAZ6170	14	Westermanniinae	6	F
BOLD:AAZ6779	16	Pentatominae	7	F
BOLD:AAZ7719	10	Acontiinae	1	F
BOLD:AAZ8191	17	Lasiocampinae	1	F
BOLD:AAZ8380	5	Noctuidae	1	F
BOLD:AAZ8389	95	Arctiinae	1	F
BOLD:AAZ8424	8	Limacodinae	4	F
BOLD:AAZ8433	6	Arctiinae	1	F
BOLD:AAZ8439	39	Lymantriinae	24	F
BOLD:AAZ8456	13	Lymantriinae	2	F
BOLD:AAZ8478	2	Lepidoptera	1	F
BOLD:AAZ8672	23	Rhyparochromidae	1	F
BOLD:AAZ8695	52	Spilomelinae	32	F
BOLD:AAZ8756	2	Plusiinae	1	F
BOLD:AAZ8797	38	Arctiinae	2	F
BOLD:AAZ8800	21	Arctiinae	3	F
BOLD:AAZ8830	39	Arctiinae	5	F
BOLD:AAZ8833	12	Agaristinae	2	F
BOLD:AAZ8851	8	Lepidoptera	2	F
BOLD:AAZ8904	14	Erebidae	4	F
BOLD:AAZ8917	18	Arctiinae	1	F
BOLD:AAZ9150	11	Pyrrhocoridae	10	F
BOLD:AAZ9530	23	Plusiinae	2	F
BOLD:ABA0151	42	Arctiinae	1	F
BOLD:ABA0180	12	Asopinae	1	F
BOLD:ABA1514	5	Sterrhinae	1	F
BOLD:ABA4220	17	Arctiinae	3	F
BOLD:ABA4420	5	Compsocteninae	2	F
BOLD:ABA4422	6	Lepidoptera	5	F
BOLD:ABA4621	5	Herminiinae	2	F
BOLD:ABA4627	38	Spilomelinae	1	F
BOLD:ABA4634	10	Spilomelinae	1	F
BOLD:ABA4635	112	Hypeninae	1	F
BOLD:ABA4641	29	Herminiinae	2	F
BOLD:ABA4647	4	Crambidae	1	F
BOLD:ABA4962	35	Phycitinae	1	F
BOLD:ABA4975	9	Phycitinae	3	F
BOLD:ABA5091	210	Herminiinae	35	F
BOLD:ABA5121	9	Agaristinae	2	F
BOLD:ABA6627	29	Condicinae	14	F
BOLD:ABA6662	53	Lepidoptera	25	F
BOLD:ABA6662	53	Noctuidae	1	F
BOLD:ABA6677	5	Erebidae	1	F
BOLD:ABA6677	5	Herminiinae	1	F
BOLD:ABA6705	9	Erebinae	2	F
BOLD:ABA6739	13	Noctuidae	7	F
BOLD:ABA6741	26	Lepidoptera	7	F
BOLD:ABA6745	19	Erebinae	1	F
BOLD:ABA6774	14	Herminiinae	2	F
BOLD:ABA6784	9	Boletobiinae	2	F
BOLD:ABA6800	9	Lepidoptera	1	F
BOLD:ABA6878	8	Limacodinae	1	F
BOLD:ABA6951	29	Pyralidae	11	F
BOLD:ABA7186	3	Erebinae	2	F
BOLD:ABA7372	118	Smerinthinae	4	F
BOLD:ABA7515	48	Nolinae	4	F
BOLD:ABA7613	22	Geometrinae	1	F
BOLD:ABA7668	2	Erebidae	1	F
BOLD:ABA8215	19	Noctuidae	2	F
BOLD:ABA8218	3	Lepidoptera	1	F
BOLD:ABA8223	10	Lophoptera	1	F
BOLD:ABA8255	5	Erebidae	1	F
BOLD:ABA8584	21	Gyrininae	1	F
BOLD:ABA8963	15	Perissomasticinae	3	F
BOLD:ABA9444	43	Palpopleurinae	1	F
BOLD:ABU7350	18	Noctuinae	3	F
BOLD:ABU8375	27	Lasiocampinae	8	F
BOLD:ABU8427	4	Lasiocampinae	1	F
BOLD:ABU9635	23	Arctiinae	1	F
BOLD:ABV0017	5	Belostomatidae	1	F
BOLD:ABV0079	34	Anisopinae	2	F
BOLD:ABV2117	16	Chloephorinae	1	F
BOLD:ABV2144	14	Phycitinae	2	F
BOLD:ABV2393	14	Phycitinae	6	F
BOLD:ABV2398	8	Pyralidae	4	F
BOLD:ABV2580	24	Rhopalinae	1	F
BOLD:ABV2594	233	Cicadellidae	2	F
BOLD:ABV2952	30	Erebidae	3	F
BOLD:ABV2982	26	Erebidae	15	F
BOLD:ABV3071	7	Erebinae	1	F
BOLD:ABV3081	14	Lepidoptera	5	F
BOLD:ABV3100	20	Notodontidae	6	F
BOLD:ABV3522	29	Lepidoptera	19	F
BOLD:ABV3925	15	Crambidae	2	F
BOLD:ABV3925	15	Spilomelinae	6	F
BOLD:ABV5824	81	Noctuidae	31	F
BOLD:ABV7598	7	Olethreutinae	1	F
BOLD:ABV8081	211	Olethreutinae	2	F
BOLD:ABV8680	6	Chloephorinae	3	F
BOLD:ABV9038	6	Ennominae	1	F
BOLD:ABV9053	3	Pyralidae	1	F
BOLD:ABV9055	15	Phycitinae	2	F
BOLD:ABV9056	27	Phycitinae	7	F
BOLD:ABV9102	10	Spilomelinae	1	F
BOLD:ABV9109	8	Spilomelinae	2	F
BOLD:ABV9168	6	Pyralidae	1	F
BOLD:ABV9178	6	Spilomelinae	2	F
BOLD:ABV9585	13	Tortricinae	1	F
BOLD:ABW0636	6	Spilomelinae	1	F
BOLD:ABW0647	5	Phycitinae	2	F
BOLD:ABW0933	247	Gracillariidae	1	F
BOLD:ABW0990	58	Olethreutinae	1	F
BOLD:ABW1017	27	Spilomelinae	3	F
BOLD:ABW1984	35	Olethreutinae	1	F
BOLD:ABW2544	7	Olethreutinae	4	F
BOLD:ABW2553	4	Olethreutinae	1	F
BOLD:ABW3156	41	Spilomelinae	17	F
BOLD:ABW3614	4	Lepidoptera	1	F
BOLD:ABW3924	4	Lepidoptera	2	F
BOLD:ABW6080	4	Ennominae	1	F
BOLD:ABW6550	24	Aphrophorinae	5	F
BOLD:ABW6740	4	Notodontidae	2	F
BOLD:ABW7890	446	Ephydrinae	1	F
BOLD:ABX0033	6	Noctuidae	1	F
BOLD:ABX2193	287	Delphacinae	4	F
BOLD:ABX3148	348	Cicadellidae	19	F
BOLD:ABX3432	22	Miridae	1	F
BOLD:ABX3542	32	Ophioninae	18	F
BOLD:ABX3581	6	Ichneumonidae	3	F
BOLD:ABX3602	69	Typhaea stercorea	1	F
BOLD:ABX4430	14	Chrysomelidae	6	F
BOLD:ABX4731	104	Pleidae	3	F
BOLD:ABX6319	167	Gryllus	3	F
BOLD:ABX6900	14	Pentatominae	1	F
BOLD:ABX8394	3	Chrysopolominae	1	F
BOLD:ABX9364	436	Galerucinae	3	F
BOLD:ABX9374	17	Phycitinae	9	F
BOLD:ABY3163	99	Galerucinae	10	F
BOLD:ABY3382	96	Epuraea luteolus	1	F
BOLD:ABY3706	7	Phycitinae	1	F
BOLD:ABY4152	70	Heliothinae	2	F
BOLD:ABY5163	12	Erebinae	1	F
BOLD:ABY5666	7	Macroglossinae	2	F
BOLD:ABY6727	168	Mocis conveniens	1	F
BOLD:ABY7892	13	Smerinthinae	1	F
BOLD:ABY9470	22	Erebinae	1	F
BOLD:ABY9664	201	Olethreutinae	1	F
BOLD:ABZ0219	4	Chloephorinae	1	F
BOLD:ABZ0564	32	Geometrinae	1	F
BOLD:ABZ0835	3	Condicinae	1	F
BOLD:ABZ1293	6	Macroglossinae	1	F
BOLD:ABZ2221	79	Coccygidium	5	F
BOLD:ABZ2902	23	Bombycinae	1	F
BOLD:ABZ3194	380	Condicinae	195	F
BOLD:ABZ3304	45	Smerinthinae	1	F
BOLD:ABZ4377	18	Desmobathrinae	1	F
BOLD:ABZ5323	8	Ennominae	1	F
BOLD:ABZ5677	13	Saturniinae	1	F
BOLD:ABZ5722	39	Macroglossinae	3	F
BOLD:ABZ8582	20	Sarcophaginae	1	F
BOLD:ABZ8642	47	Lethaeus	21	F
BOLD:ABZ9364	273	Peregrinus maidis	1	F
BOLD:ACA1325	218	Trigonidiidae	96	F
BOLD:ACA1338	216	Cecidomyiidae	1	F
BOLD:ACA1507	42	Gryllidae	5	F
BOLD:ACA1637	79	Tetrigidae	18	F
BOLD:ACA2475	14	Dytiscinae	1	F
BOLD:ACA3953	274	Cecidomyiidae	1	F
BOLD:ACA4514	1100	Muscinae	3	F
BOLD:ACA5423	7	Phycitinae	3	F
BOLD:ACA6539	36	Delphacidae	1	F
BOLD:ACA6699	48	Cicadellidae	6	F
BOLD:ACA6800	21	Lophopidae	2	F
BOLD:ACA9116	30	Delphacinae	2	F
BOLD:ACB0305	9	Spilomelinae	6	F
BOLD:ACB0322	22	Phycitinae	9	F
BOLD:ACB1738	159	Lauxaniidae	2	F
BOLD:ACB4565	129	Oxytelinae	2	F
BOLD:ACB6283	194	Sarcophaginae	1	F
BOLD:ACC3953	93	Luciliinae	1	F
BOLD:ACC4267	59	Alydinae	5	F
BOLD:ACC4325	12	Delphacidae	1	F
BOLD:ACC4388	10	Delphacidae	1	F
BOLD:ACD0671	19	Arctiinae	1	F
BOLD:ACD4048	62	Mesoveliinae	3	F
BOLD:ACD4125	38	Mesoveliinae	7	F
BOLD:ACD5135	42	Spilomelinae	3	F
BOLD:ACD7341	121	Myrmicinae	2	F
BOLD:ACE2856	19	Arctiinae	1	F
BOLD:ACE3147	32	Pentatominae	4	F
BOLD:ACE4903	178	Herminiinae	50	F
BOLD:ACE4947	163	Noctuinae	44	F
BOLD:ACE5025	18	Herminiinae	1	F
BOLD:ACE6049	35	Herminiinae	6	F
BOLD:ACE6532	124	Chloephorinae	5	F
BOLD:ACE6554	36	Macroglossinae	14	F
BOLD:ACE8949	46	Boletobiinae	1	F
BOLD:ACE9824	74	Hypeninae	2	F
BOLD:ACF0692	23	Galleriinae	10	F
BOLD:ACF0725	88	Hypocalinae	2	F
BOLD:ACF1072	16	Ennominae	1	F
BOLD:ACF2276	68	Spilomelinae	2	F
BOLD:ACF2311	17	Amphipyrinae	3	F
BOLD:ACF3383	34	Macroglossinae	1	F
BOLD:ACF5475	15	Smerinthinae	2	F
BOLD:ACF7833	45	Oecanthinae	8	F
BOLD:ACG4111	30	Rhyparochrominae	4	F
BOLD:ACG5595	24	Diopsinae	3	F
BOLD:ACG5595	24	Diopsis	1	F
BOLD:ACG5630	23	Rhyparochromidae	2	F
BOLD:ACG5810	3	Hemiptera	1	F
BOLD:ACG5908	111	Mirinae	1	F
BOLD:ACG6817	80	Rhyparochromidae	26	F
BOLD:ACG6894	54	Miridae	2	F
BOLD:ACG7352	10	Crambidae	1	F
BOLD:ACG8464	27	Phanerotoma	2	F
BOLD:ACG9648	63	Boletobiinae	1	F
BOLD:ACI0186	8	Curtonotum	2	F
BOLD:ACI2987	129	Alydinae	4	F
BOLD:ACI4226	32	Cosmopterigidae	1	F
BOLD:ACI5017	44	Cosmopteriginae	1	F
BOLD:ACI5231	7	Phycitinae	3	F
BOLD:ACI5371	25	Crambinae	1	F
BOLD:ACI5431	9	Phycitinae	1	F
BOLD:ACI5601	27	Phycitinae	2	F
BOLD:ACI5783	30	Phycitinae	5	F
BOLD:ACI6573	53	Phycitinae	20	F
BOLD:ACI6969	12	Lepidoptera	1	F
BOLD:ACK2554	337	Cecidomyiidae	1	F
BOLD:ACK2583	158	Cecidomyiidae	1	F
BOLD:ACK4053	81	Miridae	2	F
BOLD:ACK4107	912	Oscinellinae	1	F
BOLD:ACK4872	48	Rhyparochromidae	11	F
BOLD:ACK5101	48	Scelionidae	1	F
BOLD:ACK5171	5	Phycitinae	1	F
BOLD:ACK5186	286	Heteroceridae	6	F
BOLD:ACK5210	17	Delphacidae	1	F
BOLD:ACK6424	6	Pyralidae	2	F
BOLD:ACK6595	56	Phycitinae	35	F
BOLD:ACK6864	349	Delphacinae	6	F
BOLD:ACK7214	85	Rhyparochromidae	17	F
BOLD:ACK7318	25	Rhyparochromidae	9	F
BOLD:ACK7390	32	Carabidae	2	F
BOLD:ACK7419	4	Dytiscidae	1	F
BOLD:ACK7462	5	Phanerotoma	1	F
BOLD:ACK7519	90	Dytiscidae	2	F
BOLD:ACK7751	129	Hydrophilidae	1	F
BOLD:ACK7832	3	Harpalinae	1	F
BOLD:ACK8010	85	Hydrophilidae	34	F
BOLD:ACK8188	16	Phycitinae	11	F
BOLD:ACK8268	24	Harpalinae	5	F
BOLD:ACK8565	48	Platystomatidae	1	F
BOLD:ACK8665	83	Microveliinae	5	F
BOLD:ACK8681	135	Tabaninae	1	F
BOLD:ACK8883	91	Delphacidae	7	F
BOLD:ACK9451	15	Carabidae	2	F
BOLD:ACK9464	7	Harpalinae	1	F
BOLD:ACL0235	61	Rhyparochrominae	1	F
BOLD:ACL0302	190	Cosmopterigidae	1	F
BOLD:ACL1678	331	Cecidomyiidae	1	F
BOLD:ACL1768	59	Arctiinae	4	F
BOLD:ACL1829	72	Arctiinae	6	F
BOLD:ACL2254	285	Muscidae	1	F
BOLD:ACL2647	72	Rhyparochromidae	5	F
BOLD:ACL7195	7	Boletobiinae	1	F
BOLD:ACL8011	3	Boletobiinae	1	F
BOLD:ACL8218	19	Boletobiinae	6	F
BOLD:ACM8437	65	Boletobiinae	3	F
BOLD:ACM8607	70	Arctiinae	16	F
BOLD:ACM8738	12	Limacodidae	2	F
BOLD:ACM8864	5	Geometridae	1	F
BOLD:ACM9000	17	Staphylininae	2	F
BOLD:ACM9055	5	Lophoptera	1	F
BOLD:ACM9225	6	Geometridae	2	F
BOLD:ACM9564	3	Limacodidae	2	F
BOLD:ACN3323	8	Crambidae	3	F
BOLD:ACN3534	66	Elateridae	17	F
BOLD:ACN3564	37	Cantharidae	1	F
BOLD:ACN3649	34	Oditinae	1	F
BOLD:ACN3687	20	Scarabaeidae	5	F
BOLD:ACN3842	21	Tenebrionidae	2	F
BOLD:ACN3858	87	Phalacridae	2	F
BOLD:ACN3955	6	Pyralidae	1	F
BOLD:ACN3956	11	Scarabaeidae	1	F
BOLD:ACN4169	58	Scarabaeidae	27	F
BOLD:ACN4208	51	Lepidoptera	9	F
BOLD:ACN4364	29	Pygaerinae	3	F
BOLD:ACN4446	16	Agrypninae	6	F
BOLD:ACN4446	16	Elateridae	2	F
BOLD:ACN4713	94	Scarabaeidae	35	F
BOLD:ACN4802	32	Herminiinae	14	F
BOLD:ACN5157	241	Platypodinae	24	F
BOLD:ACN5423	16	Carabidae	1	F
BOLD:ACN5595	13	Dytiscidae	1	F
BOLD:ACN6272	49	Erebidae	11	F
BOLD:ACN6408	2	Geometrinae	1	F
BOLD:ACN6539	127	Harpalinae	9	F
BOLD:ACN6554	20	Apatinae	3	F
BOLD:ACN6712	8	Tineidae	1	F
BOLD:ACN7330	2	Lymexylidae	1	F
BOLD:ACN7441	2	Erebidae	1	F
BOLD:ACN7458	3	Lepidoptera	1	F
BOLD:ACN7496	56	Arctiinae	26	F
BOLD:ACN7532	17	Lymantriinae	5	F
BOLD:ACN7623	9	Arctiinae	4	F
BOLD:ACN7715	54	Gryllidae	29	F
BOLD:ACN7768	10	Arctiinae	1	F
BOLD:ACN7792	28	Pyralidae	13	F
BOLD:ACN7793	71	Nolidae	16	F
BOLD:ACN7820	59	Pyraustinae	21	F
BOLD:ACN7837	34	Lepidoptera	15	F
BOLD:ACN7850	9	Arctiinae	2	F
BOLD:ACN7914	15	Calpinae	4	F
BOLD:ACN7999	85	Acrididae	11	F
BOLD:ACN7999	85	Acridinae	1	F
BOLD:ACN8245	16	Conocephalinae	2	F
BOLD:ACN8312	73	Lecithoceridae	1	F
BOLD:ACN8356	16	Spilomelinae	3	F
BOLD:ACN8433	19	Acridinae	4	F
BOLD:ACN8569	32	Acrididae	19	F
BOLD:ACN8577	22	Lepidoptera	1	F
BOLD:ACN8600	25	Oedipodinae	1	F
BOLD:ACN8651	9	Crambidae	3	F
BOLD:ACN8715	41	Eyprepocnemidinae	1	F
BOLD:ACN8790	2	Lepidoptera	1	F
BOLD:ACN8863	15	Acridinae	2	F
BOLD:ACN9187	10	Herminiinae	4	F
BOLD:ACN9349	6	Olethreutinae	1	F
BOLD:ACN9445	26	Herminiinae	6	F
BOLD:ACO1406	15	Erebidae	4	F
BOLD:ACO1509	4	Pyralidae	1	F
BOLD:ACO1596	4	Lepidoptera	1	F
BOLD:ACO1746	11	Boletobiinae	1	F
BOLD:ACO2482	8	Dytiscinae	2	F
BOLD:ACO2505	5	Hydrophilidae	1	F
BOLD:ACO3115	122	Oxytelinae	1	F
BOLD:ACO3198	2	Carabidae	1	F
BOLD:ACO3384	12	Harpalinae	5	F
BOLD:ACO3725	196	Paederinae	2	F
BOLD:ACO3938	339	Hydrophilidae	6	F
BOLD:ACO4679	4	Coleoptera	3	F
BOLD:ACO5129	3	Coleoptera	1	F
BOLD:ACO6357	76	Miltogramminae	1	F
BOLD:ACO9728	105	Lonchaeinae	1	F
BOLD:ACP2065	75	Orthoptera	28	F
BOLD:ACP2065	75	Tetrigidae	6	F
BOLD:ACP2321	7	Boletobiinae	2	F
BOLD:ACP2416	22	Pyralinae	3	F
BOLD:ACP2545	27	Erebidae	9	F
BOLD:ACP3605	8	Trigonidiidae	2	F
BOLD:ACP3709	68	Orthoptera	21	F
BOLD:ACP3886	23	Trigonidiinae	3	F
BOLD:ACP4222	90	Trigonidiidae	55	F
BOLD:ACP4256	2202	Dolichopodidae	3	F
BOLD:ACP4579	90	Ulidiidae	2	F
BOLD:ACP4972	7	Orthoptera	1	F
BOLD:ACP5403	66	Tetrigidae	38	F
BOLD:ACP7619	637	Cicadellidae	1	F
BOLD:ACP8762	60	Aleyrodidae	1	F
BOLD:ACQ0116	3	Lepidoptera	1	F
BOLD:ACQ0193	81	Phycitinae	44	F
BOLD:ACQ1442	60	Hypeninae	3	F
BOLD:ACQ2052	10	Hypeninae	2	F
BOLD:ACQ3107	15	Eriocottidae	5	F
BOLD:ACQ5655	8	Erebidae	3	F
BOLD:ACQ5655	8	Lepidoptera	1	F
BOLD:ACQ6526	8	Ennominae	2	F
BOLD:ACQ6529	12	Eustrotiinae	3	F
BOLD:ACQ6873	2	Lepidoptera	1	F
BOLD:ACQ7383	6	Crambidae	1	F
BOLD:ACQ8460	30	Coleoptera	9	F
BOLD:ACQ8460	30	Hydrophilidae	6	F
BOLD:ACR2046	18	Phycitinae	4	F
BOLD:ACR6117	519	Desmometopa	2	F
BOLD:ACR8918	37	Cecidomyiidae	4	F
BOLD:ACS0842	8	Arctiinae	3	F
BOLD:ACS1871	3	Notodontidae	2	F
BOLD:ACS3979	6	Lygaeinae	1	F
BOLD:ACS4214	714	Formicinae	89	F
BOLD:ACS6276	5	Hypenodinae	1	F
BOLD:ACS6998	125	Spilomelinae	21	F
BOLD:ACS7336	2	Phycitinae	1	F
BOLD:ACS8240	2	Gelechiidae	1	F
BOLD:ACT4928	24	Erebidae	2	F
BOLD:ACT8930	3	Erebidae	1	F
BOLD:ACT9008	12	Erebidae	6	F
BOLD:ACT9214	6	Crambidae	1	F
BOLD:ACU0122	2	Pyralidae	1	F
BOLD:ACU0615	26	Myrmecozelinae	1	F
BOLD:ACU8624	182	Hypeninae	6	F
BOLD:ACV5631	7	Phycitinae	4	F
BOLD:ACW6823	29	Noctuidae	7	F
BOLD:ACW7053	11	Arctiinae	4	F
BOLD:ACW7684	13	Erebidae	2	F
BOLD:ACW9059	28	Tachinidae	1	F
BOLD:ACX1754	48	Sarcophagidae	1	F
BOLD:ACX8581	61	Sarcophagidae	1	F
BOLD:ACY1055	143	Spilomelinae	1	F
BOLD:ACY2562	15	Siculodinae	1	F
BOLD:ACY3047	4	Lepidoptera	2	F
BOLD:ACY3395	5	Ennominae	1	F
BOLD:ACY3499	25	Zeuzerinae	16	F
BOLD:ACY3770	4	Noctuidae	2	F
BOLD:ACY3778	38	Pentatominae	20	F
BOLD:ACY3910	4	Miridae	1	F
BOLD:ACY6607	4	Noctuidae	2	F
BOLD:ACY6860	3	Noctuidae	1	F
BOLD:ACY7069	9	Boletobiinae	6	F
BOLD:ACY9014	42	Rhyparochrominae	2	F
BOLD:ACY9090	3011	Nysius	2	F
BOLD:ACY9584	103	Cecidomyiidae	1	F
BOLD:ACZ9842	49	Miridae	1	F
BOLD:ADA2681	43	Cecidomyiidae	1	F
BOLD:ADA4033	9	Phycitinae	1	F
BOLD:ADA6075	5	Erebinae	1	F
BOLD:ADA6231	12	Spilomelinae	1	F
BOLD:ADB4116	9	Ophioninae	1	F
BOLD:ADB4396	22	Hemiptera	4	F
BOLD:ADB4539	33	Reduviidae	8	F
BOLD:ADB4707	16	Pyrgotidae	3	F
BOLD:ADB4738	8	Pentatomidae	4	F
BOLD:ADB4823	9	Hemiptera	4	F
BOLD:ADB4824	16	Micrelytrinae	2	F
BOLD:ADB5120	67	Cicadellidae	2	F
BOLD:ADC0354	134	Conocephalinae	24	F
BOLD:ADD3494	267	Gelechiidae	1	F
BOLD:ADF3366	129	Erebinae	1	F
BOLD:ADF6658	5	Phycitinae	3	F
BOLD:ADG5285	103	Myrmicinae	13	F
BOLD:ADG9652	9	Gelechiidae	3	F
BOLD:ADG9733	8	Formicidae	4	F
BOLD:ADH0369	12	unclassified Gelechiidae	1	F
BOLD:ADH2595	87	Cicadellidae	2	F
BOLD:ADH2702	860	Myrmicinae	1	F
BOLD:ADH4476	3	Lepidoptera	1	F
BOLD:ADH5178	8	Tachinidae	1	F
BOLD:ADH6428	17	Ennominae	2	F
BOLD:ADH6637	13	Ennominae	2	F
BOLD:ADH6741	5	Harpalinae	1	F
BOLD:ADH6791	3	Ichneumonidae	1	F
BOLD:ADH9546	43	Chrysopinae	1	F
BOLD:ADI5715	137	Cicadellidae	1	F
BOLD:ADI5776	639	Cicadellidae	1	F
BOLD:ADI6206	22	Nitidulidae	1	F
BOLD:ADI6252	15	Hypeninae	3	F
BOLD:ADI6480	14	Phycitinae	8	F
BOLD:ADI6582	29	Aphrophoridae	4	F
BOLD:ADI6731	65	Ectobiidae	3	F
BOLD:ADI6767	30	Immidae	3	F
BOLD:ADI6790	116	Formicidae	14	F
BOLD:ADI7083	9	Macrocentrus	1	F
BOLD:ADI7110	31	Scelionidae	1	F
BOLD:ADI7244	105	Formicidae	20	F
BOLD:ADI7297	7	Rhyparochromidae	4	F
BOLD:ADI8055	34	Cixiidae	4	F
BOLD:ADI8365	85	Boletobiinae	3	F
BOLD:ADI8499	4	Noctuidae	2	F
BOLD:ADI8599	19	Noctuidae	4	F
BOLD:ADI9397	28	Delphacidae	1	F
BOLD:ADI9894	15	Cicadellidae	1	F
BOLD:ADJ0340	82	Cicadellidae	34	F
BOLD:ADJ0677	293	Sciaridae	1	F
BOLD:ADJ0681	13	Cicadellidae	2	F
BOLD:ADJ0896	88	Cicadellidae	7	F
BOLD:ADJ1167	44	Cecidomyiidae	1	F
BOLD:ADJ1301	13	Dichomeridinae	1	F
BOLD:ADJ1348	5	Noctuinae	1	F
BOLD:ADJ1561	315	Ceratopogonidae	1	F
BOLD:ADJ2582	624	Ceratopogonidae	2	F
BOLD:ADJ2850	75	Cecidomyiidae	2	F
BOLD:ADJ2959	11	Erebidae	2	F
BOLD:ADJ3281	234	Cicadellidae	2	F
BOLD:ADJ3622	8	Ichneumonidae	1	F
BOLD:ADJ3768	8	Orthoptera	1	F
BOLD:ADJ4445	39	Coccygidium	5	F
BOLD:ADJ4647	77	Cecidomyiidae	1	F
BOLD:ADJ5112	12	Sciaridae	1	F
BOLD:ADJ5570	34	Paederinae	6	F
BOLD:ADJ7888	88	Delphacinae	1	F
BOLD:ADJ8972	5	Scolytinae	1	F
BOLD:ADK3318	27	Forcipomyia	1	F
BOLD:ADK3437	46	Phylinae	1	F
BOLD:ADK3705	73	Amphipyrinae	11	F
BOLD:ADK9014	522	Formicidae	52	F
BOLD:ADK9331	16	Flatinae	4	F
BOLD:ADK9931	3	Coccygidium	1	F
BOLD:ADK9977	2	Olethreutinae	1	F
BOLD:ADL1583	37	Ennominae	6	F
BOLD:ADL2477	33	Tachinidae	1	F
BOLD:ADL5799	39	Rhyparochromidae	3	F
BOLD:ADL9939	17	Doryctinae	2	F
BOLD:ADM7325	114	Rhyparochromidae	23	F
BOLD:ADM8657	17	Conocephalinae	2	F
BOLD:ADM8995	8	Tetrigidae	2	F
BOLD:ADN0124	35	Scelionidae	1	F
BOLD:ADN1045	253	Limosininae	2	F
BOLD:ADN4494	47	Aphodiinae	11	F
BOLD:ADN5776	214	Plutellidae	3	F
BOLD:ADN7756	319	Silvanidae	1	F
BOLD:ADN8624	31	Ephydridae	4	F
BOLD:ADO1134	28	Tachinidae	1	F
BOLD:ADO3537	78	Cecidomyiinae	4	F
BOLD:ADO3569	32	Bryocorinae	1	F
BOLD:ADO4244	48	Cicadellidae	1	F
BOLD:ADO8076	11	Hydrophilidae	6	F
BOLD:ADP6661	31	Dolichopodidae	1	F
BOLD:ADP8488	22	Spilomelinae	2	F
BOLD:ADP8616	14	Pentatomidae	1	F
BOLD:ADP8622	5	Acrididae	1	F
BOLD:ADP9530	46	Formicidae	3	F
BOLD:ADQ4164	21	Anthocoridae	1	F
BOLD:ADQ5065	23	Pyrrhocoridae	6	F
BOLD:ADQ5678	38	Heliconiinae	1	F
BOLD:ADQ6124	9	Chrysomelidae	1	F
BOLD:ADR6705	8	Geometrinae	4	F
BOLD:ADS0503	5	Gyrinidae	1	F
BOLD:ADS0732	106	Dictyopharinae	34	F
BOLD:ADS1690	69	Galerucinae	3	F
BOLD:ADS2323	18	Scolytinae	1	F
BOLD:ADS2783	40	Noctuinae	5	F
BOLD:ADS4356	3	Orthoptera	1	F
BOLD:ADS7116	111	Myrmicinae	3	F
BOLD:ADS7598	227	Cicadellidae	16	F
BOLD:ADS9584	23	Rhyparochromidae	1	F
BOLD:ADT1631	19	Blastobasinae	1	F
BOLD:ADT2293	17	Delphacidae	1	F
BOLD:ADT4791	79	Scythrididae	2	F
BOLD:ADT7703	8	Chrysomelidae	4	F
BOLD:ADT7703	8	Galerucinae	3	F
BOLD:ADT8077	9	Anacampsinae	4	F
BOLD:ADT8540	25	Lygaeinae	1	F
BOLD:ADT8543	16	Deltocephalinae	4	F
BOLD:ADT9073	169	Chrysomelidae	59	F
BOLD:ADU0364	11	Chrysomelidae	8	F
BOLD:ADU2318	9	Delphacidae	4	F
BOLD:ADU2751	17	Pentatomidae	4	F
BOLD:ADU4132	5	Miltogramminae	1	F
BOLD:ADU4205	101	Curelius	7	F
BOLD:ADU4284	38	Formicidae	31	F
BOLD:ADU4286	69	Myrmicinae	23	F
BOLD:ADU6772	86	Formicinae	4	F
BOLD:ADU8477	32	Cicadellidae	1	F
BOLD:ADV3071	243	Gryllinae	14	F
BOLD:ADV7009	44	Chrysomelidae	2	F
BOLD:ADV7541	102	Cicadellidae	2	F
BOLD:ADV8081	172	Harpalinae	86	F
BOLD:ADW4967	42	Formicidae	11	F
BOLD:ADW9528	5	Coptotermitinae	1	F
BOLD:ADX4334	45	Berothinae	12	F
BOLD:ADX4351	19	Ceratopogonidae	1	F
BOLD:ADX4461	6	Rhyparochromidae	2	F
BOLD:ADX9934	70	Formicidae	6	F
BOLD:ADY0152	22	Depressariidae	1	F
BOLD:ADY0452	31	Phoridae	1	F
BOLD:ADY0534	68	Rhyparochromidae	3	F
BOLD:ADY0950	11	Laelapidae	1	F
BOLD:ADY1274	43	Cecidomyiidae	32	F
BOLD:ADY1583	8	Noctuinae	2	F
BOLD:ADY1704	29	Cecidomyiidae	2	F
BOLD:ADY1884	6	Rhyparochromidae	1	F
BOLD:ADY1983	40	Cicadellidae	2	F
BOLD:ADY2865	7	Olethreutinae	1	F
BOLD:ADY5425	2	Chloropidae	1	F
BOLD:ADY5731	159	Formicidae	18	F
BOLD:ADY6275	27	Erebidae	5	F
BOLD:ADY6320	44	Delphacinae	1	F
BOLD:ADY6407	24	Achilidae	1	F
BOLD:ADY6935	21	Gelechiidae	2	F
BOLD:ADY7044	29	Arctiinae	12	F
BOLD:ADY7233	293	Cecidomyiidae	1	F
BOLD:ADY7257	107	Scarabaeinae	28	F
BOLD:ADY7379	19	Scarabaeinae	7	F
BOLD:ADY7822	13	Gerrinae	2	F
BOLD:ADY8750	27	Coccygidium	1	F
BOLD:ADY8838	9	Ectobiidae	1	F
BOLD:ADY8939	2	Lymantriinae	1	F
BOLD:ADY8943	16	Rhyparochromidae	5	F
BOLD:ADY9151	4	Crambidae	1	F
BOLD:ADY9323	2	Lepidoptera	1	F
BOLD:ADY9534	30	Cecidomyiidae	1	F
BOLD:ADY9887	3	Gelechiidae	1	F
BOLD:ADZ0077	33	Cecidomyiidae	1	F
BOLD:ADZ0289	88	Phoridae	1	F
BOLD:ADZ0718	16	Acrididae	3	F
BOLD:ADZ0864	10	Pyrrhocoridae	5	F
BOLD:ADZ0917	61	Cicadellinae	27	F
BOLD:ADZ0947	31	Pyralidae	17	F
BOLD:ADZ0958	11	Lepidoptera	1	F
BOLD:ADZ1234	63	Dermaptera	17	F
BOLD:ADZ1234	63	Spongiphoridae	16	F
BOLD:ADZ1339	109	Chrysomelidae	23	F
BOLD:ADZ1349	7	Pyralidae	1	F
BOLD:ADZ1719	40	Delphacidae	2	F
BOLD:ADZ1810	5	Harpalinae	2	F
BOLD:ADZ2501	50	Spilomelinae	1	F
BOLD:ADZ2744	41	Ephydridae	1	F
BOLD:ADZ2863	7	Harpalinae	5	F
BOLD:ADZ5030	18	Nitidulidae	1	F
BOLD:ADZ5113	5	Muscidae	1	F
BOLD:ADZ5532	9	Chrysomelidae	2	F
BOLD:ADZ7002	12	Gerrinae	5	F
BOLD:ADZ8248	9	Plusiinae	2	F
BOLD:ADZ9309	6	Hemiptera	4	F
BOLD:ADZ9722	7	Chloephorinae	1	F
BOLD:AEA0655	4	Erebidae	1	F
BOLD:AEA0903	10	Herminiinae	1	F
BOLD:AEA7790	14	Rhinotermitidae	3	F
BOLD:AEB3538	4	Tineidae	1	F
BOLD:AEB7385	29	Cicadellidae	3	F
BOLD:AEB7860	126	Cicadellidae	1	F
BOLD:AEC1108	3	Cicadellidae	1	F
BOLD:AEC5093	35	Gryllotalpinae	14	F
BOLD:AEC6473	239	Myrmicinae	9	F
BOLD:AEC6572	14	Scelionidae	1	F
BOLD:AEC6655	157	Sphaeroceridae	17	F
BOLD:AEC6707	79	Cicadellidae	9	F
BOLD:AEC6820	561	Formicidae	1	F
BOLD:AEC6839	6	Chrysomelidae	2	F
BOLD:AEC6878	24	Cicadellidae	4	F
BOLD:AEC6912	25	Formicidae	3	F
BOLD:AEC6922	5	Formicinae	1	F
BOLD:AEC6954	31	Carabidae	8	F
BOLD:AEC7044	17	Cicadellidae	4	F
BOLD:AEC7281	11	Scelionidae	1	F
BOLD:AEC7318	9	Harpalinae	1	F
BOLD:AEC7339	32	Staphylinidae	1	F
BOLD:AEC7419	29	Dictyopharidae	15	F
BOLD:AEC7474	45	Formicidae	22	F
BOLD:AEC7551	193	Dorylinae	16	F
BOLD:AEC7577	111	Chrysomelidae	28	F
BOLD:AEC7580	42	Chrysomelidae	1	F
BOLD:AEC7623	56	Formicidae	9	F
BOLD:AEC7730	23	Scarabaeidae	18	F
BOLD:AEC7821	22	Formicidae	1	F
BOLD:AEC7868	68	Bengaliinae	2	F
BOLD:AEC7883	5	Hemiptera	3	F
BOLD:AEC7897	5	Orthoptera	1	F
BOLD:AEC7931	10	Coleoptera	2	F
BOLD:AEC8251	21	Formicidae	3	F
BOLD:AEC8311	73	Cicadellidae	3	F
BOLD:AEC8314	15	Orthoptera	3	F
BOLD:AEC8317	16	Harpalinae	4	F
BOLD:AEC8382	15	Chrysomelidae	1	F
BOLD:AEC8519	48	Phalacridae	3	F
BOLD:AEC8536	12	Hemiptera	4	F
BOLD:AEC8539	4	Acrididae	1	F
BOLD:AEC8586	343	Formicidae	5	F
BOLD:AEC8647	15	Oscinellinae	1	F
BOLD:AEC8665	81	Formicidae	12	F
BOLD:AEC8693	25	Cicadellidae	3	F
BOLD:AEC8750	77	Dorylinae	4	F
BOLD:AEC8783	10	Gryllidae	2	F
BOLD:AEC8869	24	Cicadellidae	5	F
BOLD:AEC8880	2	Orthoptera	1	F
BOLD:AEC8882	20	Gryllidae	1	F
BOLD:AEC8973	26	Cicadellidae	5	F
BOLD:AEC9041	3	Hemiptera	1	F
BOLD:AEC9054	118	Staphylinidae	47	F
BOLD:AEC9101	4	Formicidae	1	F
BOLD:AEC9117	218	Meloinae	1	F
BOLD:AEC9148	4	Coleoptera	1	F
BOLD:AEC9241	28	Cicadellidae	5	F
BOLD:AEC9301	20	Formicidae	1	F
BOLD:AEC9401	30	Cicadellidae	1	F
BOLD:AEC9448	62	Formicidae	15	F
BOLD:AEC9469	20	Formicidae	6	F
BOLD:AEC9501	3	Cicadellidae	1	F
BOLD:AEC9783	25	Lepidoptera	4	F
BOLD:AEC9814	6	Formicidae	2	F
BOLD:AEC9957	2	Orthoptera	1	F
BOLD:AED0157	5	Pompilidae	1	F
BOLD:AED0192	15	Lepidoptera	7	F
BOLD:AED0198	7	Hymenoptera	3	F
BOLD:AED0259	145	Cicadellidae	12	F
BOLD:AED0381	16	Anthicidae	1	F
BOLD:AED0405	29	Gryllidae	2	F
BOLD:AED0414	8	Orthoptera	1	F
BOLD:AED0549	4	Hemiptera	2	F
BOLD:AED0709	6	Hymenoptera	1	F
BOLD:AED0834	16	Cicindelinae	7	F
BOLD:AED0904	96	Ponerinae	1	F
BOLD:AED0951	102	Formicidae	2	F
BOLD:AED2583	2	Hemiptera	1	F
BOLD:AED4175	3	Lepidoptera	1	F
BOLD:AED4997	52	Erebinae	3	F
BOLD:AED9291	8	Lophoptera	1	F
BOLD:AEE0431	7	Ennominae	4	F
BOLD:AEE9713	4	Calpinae	1	F
BOLD:AEF8104	5	Corixinae	1	F
BOLD:AEG2275	14	Tabanidae	10	F
BOLD:AEG2597	16	Anobinae	3	F
BOLD:AEG2670	4	Dudgeoneidae	1	F
BOLD:AEG2720	20	Agaristinae	4	F
BOLD:AEH0966	42	Phaneropterinae	19	F
BOLD:AEH0966	42	Tettigoniidae	2	F
BOLD:AEH0986	12	Erebidae	4	F
BOLD:AEH1359	2	Tachinidae	1	F
BOLD:AEH1367	7	Coleoptera	1	F
BOLD:AEH1416	20	Rhyparochromidae	1	F
BOLD:AEH2282	6	Lymantriinae	1	F
BOLD:AEH9130	5	Lepidoptera	1	F
BOLD:AEH9454	3	Crambidae	2	F
BOLD:AEH9726	14	Crambidae	1	F
BOLD:AEI3656	77	Gryllinae	52	F
BOLD:AEI4453	10	Cydnidae	6	F
BOLD:AEI5888	3	Crambidae	1	F
BOLD:AEI6657	4	Lepidoptera	1	F
BOLD:AEI6749	4	Lepidoptera	2	F
BOLD:AEI8717	3	Crambidae	1	F
BOLD:AEI9227	19	Crambidae	15	F
BOLD:AEJ0632	7	Erebinae	1	F
BOLD:AEJ4882	7	Erebinae	1	F
BOLD:AEJ5652	2	Ascalaphinae	1	F
BOLD:AEJ9879	3	Mantodea	1	F
BOLD:AEK3033	114	Hypeninae	15	F
BOLD:AEK3140	416	Aleocharinae	43	F
BOLD:AEK3358	39	Limoniidae	1	F
BOLD:AEK3681	41	Erebidae	3	F
BOLD:AEK4292	13	Delphacidae	3	F
BOLD:AEK4295	326	Carabidae	3	F
BOLD:AEK4635	6	Dicranurinae	1	F
BOLD:AEK5364	3	Orthoptera	2	F
BOLD:AEK7707	43	Notodontidae	2	F
BOLD:AEK7758	34	Achilidae	10	F
BOLD:AEL0410	22	Phylinae	2	F
BOLD:AEL2940	110	Formicidae	9	F
BOLD:AEL3215	7	Notodontidae	1	F
BOLD:AEL4554	4	Pyralidae	1	F
BOLD:AEL4659	7	Phalerinae	2	F
BOLD:AEL6613	43	Hypeninae	3	F
BOLD:AEL6765	6	Ascalaphinae	1	F
BOLD:AEL7625	90	Lecithocerinae	2	F
BOLD:AEL7661	99	Formicidae	33	F
BOLD:AEL7662	11	Gelechiidae	3	F
BOLD:AEL7684	5	Aleocharinae	1	F
BOLD:AEL7713	10	Cicadellidae	1	F
BOLD:AEL7748	24	Formicidae	8	F
BOLD:AEL7753	57	Dytiscidae	4	F
BOLD:AEL7755	4	Hemiptera	1	F
BOLD:AEL7810	16	Staphylinidae	2	F
BOLD:AEL7855	23	Crambidae	2	F
BOLD:AEL7867	12	Delphacidae	1	F
BOLD:AEL7888	4	Lepidoptera	1	F
BOLD:AEL7902	4	Phycitinae	2	F
BOLD:AEL7905	23	Miridae	4	F
BOLD:AEL8050	103	Cicadellidae	2	F
BOLD:AEL8058	78	Cicadellidae	21	F
BOLD:AEL8239	7	Lepidoptera	3	F
BOLD:AEL8242	17	Lycidae	4	F
BOLD:AEL8257	22	Chrysomelidae	1	F
BOLD:AEL8270	130	Aleocharinae	39	F
BOLD:AEL8316	6	Crambidae	1	F
BOLD:AEL8373	6	Nitidulidae	2	F
BOLD:AEL8399	47	Cicadellidae	1	F
BOLD:AEL8400	47	Corixidae	1	F
BOLD:AEL8427	40	Cicadellidae	5	F
BOLD:AEL8468	17	Phoridae	2	F
BOLD:AEL8586	27	Delphacidae	1	F
BOLD:AEL8587	68	Delphacinae	2	F
BOLD:AEL8605	22	Bostrichidae	3	F
BOLD:AEL8700	84	Paussinae	38	F
BOLD:AEL9165	2	Coleoptera	1	F
BOLD:AEL9181	17	Rhyparochromidae	11	F
BOLD:AEL9280	3	Hemiptera	1	F
BOLD:AEL9302	8	Tingidae	2	F
BOLD:AEL9305	40	Notoxinae	2	F
BOLD:AEL9312	5	Chironomidae	1	F
BOLD:AEL9328	2	Dytiscidae	1	F
BOLD:AEL9391	109	Eriocottidae	94	F
BOLD:AEL9470	13	Scydmaeninae	2	F
BOLD:AEL9486	51	Scolytinae	40	F
BOLD:AEL9570	23	Cicadellidae	1	F
BOLD:AEL9647	28	Chironomidae	2	F
BOLD:AEL9695	23	Cicadellidae	7	F
BOLD:AEL9730	20	Chironomidae	1	F
BOLD:AEL9741	8	Staphylinidae	4	F
BOLD:AEL9758	9	Erebidae	3	F
BOLD:AEL9770	34	Orthoptera	13	F
BOLD:AEL9770	34	Trigonidiidae	5	F
BOLD:AEL9789	11	Oxytelinae	2	F
BOLD:AEL9814	12	Ophioninae	4	F
BOLD:AEL9880	63	Delphacidae	3	F
BOLD:AEL9888	10	Cecidomyiidae	1	F
BOLD:AEL9958	3	Aleocharinae	2	F
BOLD:AEM0054	7	Lepidoptera	1	F
BOLD:AEM0075	31	Nabidae	10	F
BOLD:AEM0076	25	Hydrometridae	12	F
BOLD:AEM0092	52	Staphylinidae	5	F
BOLD:AEM0148	10	Scolytinae	1	F
BOLD:AEM0153	14	Aleocharinae	1	F
BOLD:AEM0155	27	Carabidae	2	F
BOLD:AEM0184	18	Cicadellidae	1	F
BOLD:AEM0206	5	Carabidae	1	F
BOLD:AEM0243	16	Agrypninae	5	F
BOLD:AEM0277	115	Scarabaeidae	47	F
BOLD:AEM0367	43	Rhyparochromidae	3	F
BOLD:AEM0387	3	Scraptiidae	1	F
BOLD:AEM0412	11	Hydrophilidae	1	F
BOLD:AEM0425	84	Hydrophilidae	2	F
BOLD:AEM0492	4	Diptera	1	F
BOLD:AEM0569	25	Bostrichidae	11	F
BOLD:AEM0586	127	Limnichidae	1	F
BOLD:AEM0635	6	Galerucinae	2	F
BOLD:AEM0643	44	Scirtidae	7	F
BOLD:AEM0719	66	Rhyparochromidae	33	F
BOLD:AEM0724	3	Coleoptera	1	F
BOLD:AEM0757	15	Chrysomelidae	1	F
BOLD:AEM0758	16	Biphyllidae	2	F
BOLD:AEM0877	34	Scarabaeidae	7	F
BOLD:AEM0911	89	Hemiptera	3	F
BOLD:AEM0931	17	Cicadellidae	6	F
BOLD:AEM0934	48	Delphacinae	3	F
BOLD:AEM0935	127	Cicadellidae	68	F
BOLD:AEM0976	86	Formicidae	35	F
BOLD:AEM1010	26	Aleocharinae	1	F
BOLD:AEM1012	310	Dytiscidae	11	F
BOLD:AEM1120	5	Cicadellidae	1	F
BOLD:AEM1227	290	Carabidae	2	F
BOLD:AEM1332	158	Staphylininae	3	F
BOLD:AEM1333	283	Paederinae	1	F
BOLD:AEM1374	5	Elateridae	1	F
BOLD:AEM1376	42	Formicidae	6	F
BOLD:AEM1521	26	Sphaeridiinae	2	F
BOLD:AEM1556	64	Pselaphinae	1	F
BOLD:AEM1657	10	Cicadellidae	1	F
BOLD:AEM1705	10	Cosmopterigidae	1	F
BOLD:AEM1889	48	Chironomidae	11	F
BOLD:AEM1893	39	Aleocharinae	3	F
BOLD:AEM1981	13	Scydmaeninae	1	F
BOLD:AEM2131	3	Coleoptera	1	F
BOLD:AEM2138	159	Cecidomyiidae	7	F
BOLD:AEM2166	67	Chrysomelidae	26	F
BOLD:AEM2167	24	Agrypninae	6	F
BOLD:AEM2181	11	Staphylinidae	2	F
BOLD:AEM2191	149	Carabidae	2	F
BOLD:AEM2270	50	Depressariidae	8	F
BOLD:AEM2279	10	Scirtidae	1	F
BOLD:AEM2312	9	Delphacidae	1	F
BOLD:AEM2317	12	Erebidae	2	F
BOLD:AEM2357	27	Cicadellidae	1	F
BOLD:AEM2472	16	Coleoptera	2	F
BOLD:AEM2473	44	Platypodinae	2	F
BOLD:AEM2519	27	Phycitinae	6	F
BOLD:AEM2533	22	Aleocharinae	4	F
BOLD:AEM2548	28	Lepidoptera	7	F
BOLD:AEM2638	5	Immidae	3	F
BOLD:AEM2695	85	Chrysomelidae	25	F
BOLD:AEM2696	5	Paederinae	1	F
BOLD:AEM2696	5	Staphylinidae	1	F
BOLD:AEM2698	51	Oxytelinae	11	F
BOLD:AEM2699	77	Aleocharinae	12	F
BOLD:AEM2706	74	Heteroceridae	3	F
BOLD:AEM2730	9	Noteridae	1	F
BOLD:AEM2757	2	Cerambycidae	1	F
BOLD:AEM2760	7	Pselaphinae	1	F
BOLD:AEM2810	76	Formicidae	27	F
BOLD:AEM2839	12	Achilidae	1	F
BOLD:AEM2909	4	Dytiscidae	1	F
BOLD:AEM2916	19	Elateridae	6	F
BOLD:AEM2982	37	Leptoceridae	5	F
BOLD:AEM3071	12	Crambinae	8	F
BOLD:AEM3076	142	Oxytelinae	25	F
BOLD:AEM3089	78	Hydrophilidae	6	F
BOLD:AEM3212	8	Rhyparochromidae	2	F
BOLD:AEM3213	3	Hemiptera	1	F
BOLD:AEM3292	4	Tortricidae	1	F
BOLD:AEM3360	108	Delphacidae	2	F
BOLD:AEM3398	219	Sciaridae	92	F
BOLD:AEM3399	44	Harpalinae	20	F
BOLD:AEM3444	23	Aleocharinae	2	F
BOLD:AEM3532	32	Euaesthetinae	1	F
BOLD:AEM3535	137	Carabidae	5	F
BOLD:AEM3622	33	Cicadellidae	1	F
BOLD:AEM3623	8	Rhyparochromidae	1	F
BOLD:AEM3666	53	Aleocharinae	2	F
BOLD:AEM3671	5	Hydrophilidae	1	F
BOLD:AEM3673	16	Aleocharinae	1	F
BOLD:AEM3685	61	Cicadellidae	2	F
BOLD:AEM3694	4	Gelechiidae	2	F
BOLD:AEM3717	4	Chrysomelidae	1	F
BOLD:AEM3729	72	Formicidae	2	F
BOLD:AEM3774	7	Chironomidae	2	F
BOLD:AEM3800	19	Cicadellidae	1	F
BOLD:AEM3854	51	Carabidae	2	F
BOLD:AEM3855	39	Aleocharinae	2	F
BOLD:AEM3878	259	Sciaridae	80	F
BOLD:AEM3908	113	Hydrophilidae	7	F
BOLD:AEM3938	27	Formicidae	5	F
BOLD:AEM3965	163	Lepidoptera	4	F
BOLD:AEM3990	38	Delphacidae	2	F
BOLD:AEM3995	38	Otiocerinae	1	F
BOLD:AEM4052	52	Rhyparochromidae	7	F
BOLD:AEM4054	21	Cicadellidae	1	F
BOLD:AEM4088	31	Noteridae	1	F
BOLD:AEM4089	42	Scaritinae	6	F
BOLD:AEM4174	19	Ponerinae	1	F
BOLD:AEM4218	152	Aleocharinae	7	F
BOLD:AEM4219	12	Aleocharinae	1	F
BOLD:AEM4233	19	Cicadellidae	3	F
BOLD:AEM4244	56	Cecidomyiidae	3	F
BOLD:AEM4245	13	Sciaridae	1	F
BOLD:AEM4266	56	Paederinae	1	F
BOLD:AEM4267	23	Paederinae	1	F
BOLD:AEM4268	5	Paederinae	1	F
BOLD:AEM4269	9	Paederinae	1	F
BOLD:AEM4429	6	Lepidoptera	2	F
BOLD:AEM4494	128	Tridactylidae	79	F
BOLD:AEM4495	50	Trigonidiidae	17	F
BOLD:AEM4525	5	Agaonidae	1	F
BOLD:AEM4568	56	Hypeninae	11	F
BOLD:AEM4579	88	Chrysomelidae	52	F
BOLD:AEM4610	23	Rhyparochromidae	6	F
BOLD:AEM4619	9	Gelechiidae	4	F
BOLD:AEM4630	134	Hydrophilidae	1	F
BOLD:AEM4646	14	Staphylinidae	8	F
BOLD:AEM4649	13	Paederinae	3	F
BOLD:AEM4650	26	Carabidae	3	F
BOLD:AEM4651	7	Staphylinidae	2	F
BOLD:AEM4816	26	Dytiscidae	4	F
BOLD:AEM7589	42	Atherigoninae	1	F
BOLD:AEM9448	11	Scolytinae	1	F
BOLD:AEO1786	6	Ceratopogonidae	2	F
BOLD:AEO5158	331	Dolichoderinae	1	F
BOLD:AEO7707	9	Notonectidae	5	F
BOLD:AEQ9224	6	Curculionidae	1	F
BOLD:AER0779	80	Belostomatidae	30	F
BOLD:AEU5927	17	Herminiinae	1	F
BOLD:AEU5947	8	Coleoptera	6	F
BOLD:AEU5965	8	Chrysomelidae	3	F
BOLD:AEU5974	2	Pyralidae	1	F
BOLD:AEU6001	9	Tridactylidae	3	F
BOLD:AEU6050	21	Pyralidae	2	F
BOLD:AEU6118	13	Rogadinae	1	F
BOLD:AEU6190	11	Cicadellidae	1	F
BOLD:AEU6197	55	Lepidoptera	47	F
BOLD:AEU6198	8	Tineidae	4	F
BOLD:AEU6279	11	Carabidae	2	F
BOLD:AEU6305	77	Formicidae	8	F
BOLD:AEU6330	31	Cicadellidae	2	F
BOLD:AEU6378	43	Leptoceridae	2	F
BOLD:AEU6403	9	Hemiptera	8	F
BOLD:AEU6443	3	Coleoptera	1	F
BOLD:AEU6466	13	Corixidae	1	F
BOLD:AEU6503	9	Coleoptera	1	F
BOLD:AEU6542	34	Cecidomyiidae	1	F
BOLD:AEU6568	14	Hymenoptera	10	F
BOLD:AEU6586	3	Coleoptera	1	F
BOLD:AEU6587	4	Dytiscidae	1	F
BOLD:AEU6598	16	Formicidae	4	F
BOLD:AEU6857	7	Lepidoptera	3	F
BOLD:AEU6996	24	Scarabaeidae	10	F
BOLD:AEU7036	6	Tortricidae	1	F
BOLD:AEU7125	2	Crambidae	1	F
BOLD:AEU7244	3	Coleoptera	1	F
BOLD:AEU7259	10	Lepidoptera	2	F
BOLD:AEU7262	58	Staphylinidae	27	F
BOLD:AEU7354	26	Chloephorinae	7	F
BOLD:AEU7493	10	Lepidoptera	1	F
BOLD:AEU7558	8	Mesoveliidae	1	F
BOLD:AEU7612	17	Aleocharinae	4	F
BOLD:AEU7911	5	Hemiptera	4	F
BOLD:AEU7917	47	Bostrichidae	42	F
BOLD:AEU7953	2	Coleoptera	1	F
BOLD:AEU8022	7	Orthoptera	5	F
BOLD:AEU8113	11	Cerambycidae	6	F
BOLD:AEU8177	23	Herminiinae	4	F
BOLD:AEU8206	4	Hemiptera	2	F
BOLD:AEU8221	15	Cicadellidae	1	F
BOLD:AEU8314	20	Cicadellidae	2	F
BOLD:AEU8375	4	Sarcophagidae	1	F
BOLD:AEU8436	11	Staphylinidae	1	F
BOLD:AEU8448	92	Dytiscidae	51	F
BOLD:AEU8504	4	Coleoptera	3	F
BOLD:AEU8505	2	Carabidae	1	F
BOLD:AEU8570	63	Pieridae	1	F
BOLD:AEU8639	14	Lymantriinae	8	F
BOLD:AEU8784	11	Deltocephalinae	2	F
BOLD:AEU8789	12	Lepidoptera	1	F
BOLD:AEU8832	3	Aganainae	2	F
BOLD:AEU8835	16	Hemiptera	14	F
BOLD:AEU8842	35	Elateridae	6	F
BOLD:AEU8871	3	Coleoptera	1	F
BOLD:AEU8898	34	Aphrophorinae	17	F
BOLD:AEU8939	19	Pyralidae	7	F
BOLD:AEU8940	13	Pyralidae	3	F
BOLD:AEU8944	6	Chrysomelidae	1	F
BOLD:AEU9056	9	Platygastridae	1	F
BOLD:AEU9316	62	Crambidae	34	F
BOLD:AEU9464	41	Flatidae	31	F
BOLD:AEU9467	106	Coleoptera	26	F
BOLD:AEU9553	5	Coleoptera	2	F
BOLD:AEU9615	5	Tetrastichinae	1	F
BOLD:AEU9683	5	Elateridae	1	F
BOLD:AEU9691	16	Miridae	12	F
BOLD:AEU9740	11	Staphylinidae	2	F
BOLD:AEU9809	7	Pompilidae	2	F
BOLD:AEU9847	40	Largidae	17	F
BOLD:AEU9854	3	Tortricidae	1	F
BOLD:AEU9900	87	Formicidae	36	F
BOLD:AEU9922	7	Lepidoptera	1	F
BOLD:AEV0102	55	Noctuinae	2	F
BOLD:AEV0112	4	Cicadellidae	1	F
BOLD:AEV0114	11	Miridae	1	F
BOLD:AEV0116	47	Bostrichidae	40	F
BOLD:AEV0127	5	Miridae	2	F
BOLD:AEV0158	15	Scarabaeidae	10	F
BOLD:AEV0239	12	Rhyparochromidae	3	F
BOLD:AEV0276	6	Coleoptera	1	F
BOLD:AEV0413	37	Herminiinae	2	F
BOLD:AEV0444	11	Phycitinae	5	F
BOLD:AEV0542	10	Spilomelinae	2	F
BOLD:AEV0632	9	Carabidae	5	F
BOLD:AEV0633	8	Staphylinidae	2	F
BOLD:AEV0634	11	Nitidulidae	6	F
BOLD:AEV0644	2	Diptera	1	F
BOLD:AEV0719	53	Scarabaeidae	19	F
BOLD:AEV0760	30	Cicadellidae	5	F
BOLD:AEV1168	3	Cydnidae	1	F
BOLD:AEV1271	97	Dipseudopsidae	31	F
BOLD:AEV1274	30	Coleoptera	27	F
BOLD:AEV1277	4	Hemiptera	3	F
BOLD:AEV1409	5	Hormiinae	1	F
BOLD:AEV1453	25	Cixiidae	1	F
BOLD:AEV1511	3	Hemiptera	1	F
BOLD:AEV1520	3	Ceratopogonidae	1	F
BOLD:AEV1596	12	Harpalinae	3	F
BOLD:AEV1600	12	Lepidoptera	2	F
BOLD:AEV1609	5	Lepidoptera	2	F
BOLD:AEV1662	2	Carabidae	1	F
BOLD:AEV1783	19	Hydrophilidae	10	F
BOLD:AEV1794	17	Lepidoptera	1	F
BOLD:AEV1875	10	Formicidae	3	F
BOLD:AEV1875	10	Hymenoptera	5	F
BOLD:AEV1995	4	Gelechiidae	1	F
BOLD:AEV2011	2	Hemiptera	1	F
BOLD:AEV2041	7	Phycitinae	1	F
BOLD:AEV2088	55	Eriocottidae	52	F
BOLD:AEV2094	10	Crambidae	4	F
BOLD:AEV2367	5	Coleoptera	4	F
BOLD:AEV2374	6	Carabidae	2	F
BOLD:AEV2420	10	Coleoptera	4	F
BOLD:AEV2520	63	Chironomidae	7	F
BOLD:AEV2594	15	Cecidomyiidae	1	F
BOLD:AEV2604	10	Cydnidae	1	F
BOLD:AEV2605	103	Cydnidae	44	F
BOLD:AEV2621	6	Hemiptera	2	F
BOLD:AEV2683	3	Hemiptera	2	F
BOLD:AEV2716	6	Ephydridae	1	F
BOLD:AEV2734	8	Hemiptera	4	F
BOLD:AEV2835	3	Coleoptera	2	F
BOLD:AEV2893	7	Hemiptera	5	F
BOLD:AEV2941	7	Dendrothripinae	1	F
BOLD:AEV2941	7	Pseudodendrothrips	1	F
BOLD:AEV2984	2	Coleoptera	1	F
BOLD:AEV3003	6	Hemiptera	5	F
BOLD:AEV3006	3	Hemiptera	2	F
BOLD:AEV3018	3	Staphylinidae	1	F
BOLD:AEV3099	19	Cicadellidae	1	F
BOLD:AEV3185	29	Harpalinae	5	F
BOLD:AEV3366	42	Formicidae	28	F
BOLD:AEV3387	6	Carabidae	2	F
BOLD:AEV3399	5	Hemiptera	4	F
BOLD:AEV3432	9	Achilidae	2	F
BOLD:AEV3595	5	Coleoptera	2	F
BOLD:AEV3597	21	Harpalinae	6	F
BOLD:AEV3625	7	Coleoptera	6	F
BOLD:AEV3752	11	Issidomiminae	5	F
BOLD:AEV3810	25	Cydnidae	8	F
BOLD:AEV3814	5	Tortricidae	2	F
BOLD:AEV3821	4	Chironomidae	1	F
BOLD:AEV4005	7	Agrypninae	3	F
BOLD:AEV4062	6	Staphylinidae	1	F
BOLD:AEV4114	12	Cicadellidae	1	F
BOLD:AEV4121	139	Scarabaeidae	82	F
BOLD:AEV4278	10	Hemiptera	1	F
BOLD:AEV4289	2	Cheloninae	1	F
BOLD:AEV4298	17	Crambidae	10	F
BOLD:AEV4385	9	Tachinidae	6	F
BOLD:AEV4387	26	Lepidoptera	15	F
BOLD:AEV4398	8	Hemiptera	2	F
BOLD:AEV4432	12	Cicadellidae	3	F
BOLD:AEV4616	5	Hemiptera	4	F
BOLD:AEV4617	10	Hemiptera	9	F
BOLD:AEV4618	17	Cicadellidae	10	F
BOLD:AEV4719	15	Hemiptera	2	F
BOLD:AEV4749	7	Miridae	1	F
BOLD:AEV4757	4	Lepidoptera	1	F
BOLD:AEV4763	4	Orthoptera	1	F
BOLD:AEV4776	4	Ceratopogonidae	1	F
BOLD:AEV4800	16	Meenoplidae	3	F
BOLD:AEV4937	7	Coleoptera	5	F
BOLD:AEV4973	51	Hemiptera	13	F
BOLD:AEV4973	51	Rhyparochromidae	21	F
BOLD:AEV5009	3	Orthoptera	1	F
BOLD:AEV5172	2	Doryctinae	1	F
BOLD:AEV5185	5	Elateridae	3	F
BOLD:AEV5198	63	Carabidae	2	F
BOLD:AEV5199	8	Chrysomelidae	4	F
BOLD:AEV5218	5	Coleoptera	3	F
BOLD:AEV5324	26	Formicidae	4	F
BOLD:AEV5416	18	Calpinae	9	F
BOLD:AEV5447	50	Blattellidae	36	F
BOLD:AEV5451	7	Eulophidae	1	F
BOLD:AEV5488	55	Hydrophilidae	1	F
BOLD:AEV5520	3	Hemiptera	1	F
BOLD:AEV5554	20	Cicadellidae	14	F
BOLD:AEV5567	4	Coleoptera	1	F
BOLD:AEV5569	9	Coleoptera	1	F
BOLD:AEV5601	22	Condicinae	9	F
BOLD:AEV5629	4	Formicidae	1	F
BOLD:AEV5637	15	Erebidae	1	F
BOLD:AEV5658	9	Elateridae	3	F
BOLD:AEV5669	16	Hemiptera	1	F
BOLD:AEV5683	2	Formicinae	1	F
BOLD:AEV5861	7	Doryctinae	1	F
BOLD:AEV5918	2	Platypodinae	1	F
BOLD:AEV5926	9	Achilidae	1	F
BOLD:AEV5954	12	Scaritinae	1	F
BOLD:AEV5955	4	Hemiptera	1	F
BOLD:AEV5990	2	Cicadellidae	1	F
BOLD:AEV6046	18	Ephydridae	1	F
BOLD:AEV6053	31	Harpalinae	3	F
BOLD:AEV6075	2	Coleoptera	1	F
BOLD:AEV6123	12	Cydnidae	3	F
BOLD:AEV6123	12	Hemiptera	4	F
BOLD:AEV6127	33	Agrypninae	5	F
BOLD:AEV6138	7	Doryctinae	1	F
BOLD:AEV6211	2	Coleoptera	1	F
BOLD:AEV6223	9	Calliphoridae	2	F
BOLD:AEV6300	6	Hemiptera	5	F
BOLD:AEV6321	8	Doryctinae	1	F
BOLD:AEV6323	4	Scarabaeidae	2	F
BOLD:AEV6390	2	Coleoptera	1	F
BOLD:AEV6523	6	Cicadellidae	1	F
BOLD:AEV6559	6	Hemiptera	1	F
BOLD:AEV6563	3	Diospilini	1	F
BOLD:AEV6727	4	Coleoptera	2	F
BOLD:AEV6776	104	Dorylinae	40	F
BOLD:AEV6781	6	Hemiptera	2	F
BOLD:AEV6816	25	Delphacidae	3	F
BOLD:AEV6837	3	Hemiptera	1	F
BOLD:AEV6883	8	Blattodea	5	F
BOLD:AEV6947	10	Cicadellidae	1	F
BOLD:AEV7009	9	Silvanidae	1	F
BOLD:AEV7013	4	Carabidae	3	F
BOLD:AEV7026	30	Lepidoptera	21	F
BOLD:AEV7224	2	Coleoptera	1	F
BOLD:AEV7244	5	Phanerotoma	2	F
BOLD:AEV7294	9	Flatidae	5	F
BOLD:AEV7398	7	Lepidoptera	2	F
BOLD:AEV7425	3	Geometridae	2	F
BOLD:AEV7471	5	Cerambycidae	1	F
BOLD:AEV7471	5	Coleoptera	1	F
BOLD:AEV7627	7	Cicadellidae	4	F
BOLD:AEV7643	2	Pyralidae	1	F
BOLD:AEV7719	56	Cydnidae	32	F
BOLD:AEV7785	44	Cicadellidae	7	F
BOLD:AEV7786	3	Cicadellidae	1	F
BOLD:AEV7804	40	Conocephalinae	15	F
BOLD:AEV7826	7	Phycitinae	2	F
BOLD:AEV7879	41	Carabidae	15	F
BOLD:AEV7948	21	Elateridae	3	F
BOLD:AEV7988	5	Hemiptera	1	F
BOLD:AEV8035	23	Eulophidae	9	F
BOLD:AEV8075	3	Opiinae	1	F
BOLD:AEV8129	22	Trigonidiidae	11	F
BOLD:AEV8220	2	Hormiinae	1	F
BOLD:AEV8295	37	Formicidae	1	F
BOLD:AEV8393	9	Chironomidae	1	F
BOLD:AEV8404	7	Chrysomelidae	1	F
BOLD:AEV8463	7	Crambidae	1	F
BOLD:AEV8522	4	Cicadellidae	1	F
BOLD:AEV8559	6	Nepticulidae	1	F
BOLD:AEV8560	6	Tortricidae	1	F
BOLD:AEV8583	12	Scarabaeidae	1	F
BOLD:AEV8604	2	Coleoptera	1	F
BOLD:AEV8665	2	Hemiptera	1	F
BOLD:AEV8676	19	Tropiduchidae	1	F
BOLD:AEV8703	8	Lecithoceridae	1	F
BOLD:AEV8790	9	Rhyparochromidae	4	F
BOLD:AEV8864	10	Curculionidae	5	F
BOLD:AEV8865	13	Coleoptera	3	F
BOLD:AEV8902	112	Formicidae	6	F
BOLD:AEV9006	2	Cosmopterigidae	1	F
BOLD:AEV9026	2	Coleoptera	1	F
BOLD:AEV9029	5	Coleoptera	4	F
BOLD:AEV9068	3	Diptera	1	F
BOLD:AEV9089	8	Orthoptera	2	F
BOLD:AEV9089	8	Tetrigidae	2	F
BOLD:AEV9177	44	Herminiinae	11	F
BOLD:AEV9201	2	Pyralidae	1	F
BOLD:AEV9270	48	Staphylinidae	1	F
BOLD:AEV9326	3	Tortricidae	2	F
BOLD:AEV9351	6	Carabidae	4	F
BOLD:AEV9354	44	Harpalinae	40	F
BOLD:AEV9389	19	Scarabaeidae	6	F
BOLD:AEV9392	5	Pyralidae	1	F
BOLD:AEV9420	12	Erebinae	3	F
BOLD:AEV9422	12	Cicadellidae	2	F
BOLD:AEV9427	21	Rhyparochromidae	10	F
BOLD:AEV9505	15	Formicidae	2	F
BOLD:AEV9562	4	Nolinae	3	F
BOLD:AEV9574	8	Hemiptera	5	F
BOLD:AEV9584	10	Staphylinidae	1	F
BOLD:AEV9692	5	Mantispidae	4	F
BOLD:AEV9762	9	Harpalinae	1	F
BOLD:AEV9775	10	Chrysomelidae	1	F
BOLD:AEV9822	7	Cicadellidae	2	F
BOLD:AEW0012	8	Erebidae	4	F
BOLD:AEW0082	30	Aleocharinae	13	F
BOLD:AEW0185	8	Tingidae	2	F
BOLD:AEW0213	86	Corixidae	4	F
BOLD:AEW0260	19	Diptera	10	F
BOLD:AEW0339	41	Cheiracanthiidae	2	F
BOLD:AEW0379	4	Scirtidae	1	F
BOLD:AEW0380	30	Scarabaeidae	15	F
BOLD:AEW0383	12	Cydnidae	1	F
BOLD:AEW0419	60	Ceratopogonidae	8	F
BOLD:AEW0473	3	Diptera	1	F
BOLD:AEW0479	26	Ulidiidae	6	F
BOLD:AEW0618	7	Mantispidae	1	F
BOLD:AEW0746	6	Elateridae	1	F
BOLD:AEW0782	3	Hemiptera	1	F
BOLD:AEW0817	5	Lepidoptera	1	F
BOLD:AEW0836	35	Coleoptera	18	F
BOLD:AEW0836	35	Elateridae	9	F
BOLD:AEW0842	4	Coleoptera	2	F
BOLD:AEW0894	24	Hemiptera	17	F
BOLD:AEW1030	27	Staphylinidae	5	F
BOLD:AEW1042	3	Pyralidae	1	F
BOLD:AEW1045	2	Hemiptera	1	F
BOLD:AEW1067	5	Hemiptera	4	F
BOLD:AEW1138	3	Coleoptera	1	F
BOLD:AEW1247	2	Diptera	1	F
BOLD:AEW1285	5	Dictyopharidae	2	F
BOLD:AEW1415	8	Aleocharinae	1	F
BOLD:AEW1450	3	Coleoptera	2	F
BOLD:AEW1452	3	Carabidae	1	F
BOLD:AEW1518	3	Rogadinae	1	F
BOLD:AEW1592	5	Hemiptera	1	F
BOLD:AEW1608	16	Ethmiinae	10	F
BOLD:AEW1691	3	Lepidoptera	1	F
BOLD:AEW1731	35	Phycitinae	16	F
BOLD:AEW1792	85	Formicidae	45	F
BOLD:AEW1814	17	Carabidae	5	F
BOLD:AEW2061	4	Lepidoptera	1	F
BOLD:AEW2097	6	Tingidae	3	F
BOLD:AEW2141	31	Formicidae	16	F
BOLD:AEW2157	9	Hemiptera	3	F
BOLD:AEW2170	7	Miridae	2	F
BOLD:AEW2182	23	Gelechiidae	4	F
BOLD:AEW2222	5	Delphacidae	3	F
BOLD:AEW2245	18	Hemiptera	14	F
BOLD:AEW2286	10	Noctuidae	1	F
BOLD:AEW2288	47	Eriocottidae	37	F
BOLD:AEW2289	7	Tortricidae	5	F
BOLD:AEW2325	6	Erebidae	1	F
BOLD:AEW2417	6	Tineidae	1	F
BOLD:AEW2429	44	Ecnomidae	1	F
BOLD:AEW2441	3	Lepidoptera	1	F
BOLD:AEW2559	4	Hymenoptera	2	F
BOLD:AEW2668	16	Carabidae	7	F
BOLD:AEW2669	41	Cicadellidae	2	F
BOLD:AEW2730	4	Hemiptera	2	F
BOLD:AEW2775	5	Hemiptera	4	F
BOLD:AEW2811	5	Lepidoptera	1	F
BOLD:AEW2864	3	Crambidae	1	F
BOLD:AEW2978	26	Lepidoptera	13	F
BOLD:AEW3005	4	Cecidomyiidae	2	F
BOLD:AEW3054	36	Tingidae	15	F
BOLD:AEW3133	5	Hemiptera	2	F
BOLD:AEW3186	5	Delphacidae	2	F
BOLD:AEW3289	11	Gelechiinae	2	F
BOLD:AEW3334	2	Chrysomelidae	1	F
BOLD:AEW3379	15	Crambidae	7	F
BOLD:AEW3454	5	Scoliopteryginae	2	F
BOLD:AEW3455	95	Eriocottidae	88	F
BOLD:AEW3558	10	Cicadellidae	2	F
BOLD:AEW3629	4	Coleoptera	1	F
BOLD:AEW3690	30	Spercheidae	19	F
BOLD:AEW3721	4	Coleoptera	1	F
BOLD:AEW3727	2	Chrysomelidae	1	F
BOLD:AEW3772	6	Chrysomelidae	3	F
BOLD:AEW3801	4	Psyllidae	1	F
BOLD:AEW3824	10	Lysitermini	3	F
BOLD:AEW3889	17	Chrysomelidae	3	F
BOLD:AEW3939	13	Lampyridae	3	F
BOLD:AEW3986	5	Phycitinae	3	F
BOLD:AEW4067	7	Pentatomidae	3	F
BOLD:AEW4099	2	Hemiptera	1	F
BOLD:AEW4111	7	Lepidoptera	2	F
BOLD:AEW4152	5	Coleoptera	2	F
BOLD:AEW4169	3	Coleoptera	2	F
BOLD:AEW4207	23	Hemiptera	2	F
BOLD:AEW4224	6	Hemiptera	2	F
BOLD:AEW4285	30	Tortricidae	4	F
BOLD:AEW4300	10	Tineidae	5	F
BOLD:AEW4388	4	Cicadellidae	1	F
BOLD:AEW4420	3	Hemiptera	2	F
BOLD:AEW4523	10	Cerambycidae	2	F
BOLD:AEW4574	13	Lecithoceridae	1	F
BOLD:AEW4704	7	Limnichidae	1	F
BOLD:AEW4786	15	Oxytelinae	7	F
BOLD:AEW4839	11	Harpalinae	1	F
BOLD:AEW4885	20	Carabidae	10	F
BOLD:AEW4939	2	Coleoptera	1	F
BOLD:AEW5069	35	Cicadellidae	5	F
BOLD:AEW5089	53	Chironomidae	1	F
BOLD:AEW5168	3	Coleoptera	1	F
BOLD:AEW5201	13	Gelechiidae	1	F
BOLD:AEW5222	15	Carabidae	7	F
BOLD:AEW5244	204	Paussinae	146	F
BOLD:AEW5271	6	Staphylinidae	1	F
BOLD:AEW5272	6	Tenebrionidae	3	F
BOLD:AEW5274	11	Agrypninae	6	F
BOLD:AEW5293	10	Erotylidae	5	F
BOLD:AEW5451	3	Lepidoptera	1	F
BOLD:AEW5494	4	Rogadinae	1	F
BOLD:AEW5545	32	Hydrophilidae	1	F
BOLD:AEW5613	10	Cicadellidae	2	F
BOLD:AEW5638	69	Chironominae	1	F
BOLD:AEW5672	15	Noctuinae	3	F
BOLD:AEW5728	10	Formicidae	3	F
BOLD:AEW5784	2	Carabidae	1	F
BOLD:AEW5854	2	Hemiptera	1	F
BOLD:AEW5959	2	Phycitinae	1	F
BOLD:AEW6092	3	Coleoptera	1	F
BOLD:AEW6142	4	Spilomelinae	2	F
BOLD:AEW6284	3	Lepidoptera	1	F
BOLD:AEW6504	2	Hemiptera	1	F
BOLD:AEW6601	67	Erotylidae	55	F
BOLD:AEW6818	18	Lepidoptera	8	F
BOLD:AEW7265	2	Coccygidium	1	F
BOLD:AEW7490	8	Lasiocampinae	1	F
BOLD:AEW7842	18	Lepidoptera	1	F
BOLD:AEW8912	3	Coleoptera	1	F
BOLD:AEW9238	3	Diptera	1	F
BOLD:AEW9270	7	Hymenoptera	2	F
BOLD:AEW9369	11	Cecidomyiidae	1	F
BOLD:AEW9592	11	Hymenoptera	1	F
BOLD:AEW9911	3	Harpalinae	2	F
BOLD:AEW9960	2	Coleoptera	1	F
BOLD:AEX0919	7	Cicadellidae	1	F
BOLD:AEX1157	5	Coleoptera	1	F
BOLD:AEX1580	6	Lepidoptera	1	F
BOLD:AEX1924	2	Carabidae	1	F
BOLD:AEX2043	17	Blattodea	14	F
BOLD:AEX2090	120	Hymenoptera	49	F
BOLD:AEX2278	26	Coleoptera	19	F
BOLD:AEX2341	2	Carabidae	1	F
BOLD:AEX2406	2	Ennominae	1	F
BOLD:AEX2767	2	Orthoptera	1	F
BOLD:AEX3611	3	Limacodidae	1	F
BOLD:AEX3768	11	Cecidomyiidae	3	F
BOLD:AEX4270	34	Phaneropterinae	9	F
BOLD:AEX5228	19	Pentatomidae	9	F
BOLD:AEX5450	16	Erebidae	11	F
BOLD:AEX5768	11	Noctuidae	3	F
BOLD:AEX6103	2	Hemiptera	1	F
BOLD:AEX6498	3	Lepidoptera	1	F
BOLD:AEX6693	3	Tenebrionidae	2	F
BOLD:AEX6869	5	Coleoptera	1	F
BOLD:AEX7482	2	Coleoptera	1	F
BOLD:AEX7534	25	Hemiptera	13	F
BOLD:AEX7691	3	Coleoptera	1	F
BOLD:AEX7710	9	Coleoptera	7	F
BOLD:AEX7857	3	Tenebrionidae	1	F
BOLD:AEX7896	12	Noctuinae	2	F
BOLD:AEX8113	20	Platystomatidae	5	F
BOLD:AEX8198	3	Coleoptera	1	F
BOLD:AEX8327	9	Coleoptera	4	F
BOLD:AEX8658	6	Termitidae	5	F
BOLD:AEX8827	7	Hymenoptera	1	F
BOLD:AEX8973	8	Hemiptera	5	F
BOLD:AEX9095	3	Hemiptera	2	F
BOLD:AEX9224	3	Hoplocoryphidae	1	F
BOLD:AEX9654	2	Hypeninae	1	F
BOLD:AEY0000	4	Meloidae	1	F
BOLD:AEY0167	30	Scarabaeidae	6	F
BOLD:AEY1028	2	Coleoptera	1	F
BOLD:AEY2005	3	Coccygidium	1	F
BOLD:AEY2238	10	Arctiinae	7	F
BOLD:AEY2387	2	Hemiptera	1	F
BOLD:AEY3468	3	Erebidae	1	F
BOLD:AEY4759	11	Coleoptera	10	F
BOLD:AEY4899	6	Ornixolinae	1	F
BOLD:AEY4967	9	Lymantriinae	6	F
BOLD:AEY5109	11	Scarabaeidae	3	F
BOLD:AEY5471	4	Hemiptera	1	F
BOLD:AEY5659	22	Lepidoptera	11	F
BOLD:AEY5784	2	Tortricidae	1	F
BOLD:AEY5822	4	Hemiptera	1	F
BOLD:AEY6164	3	Coleoptera	1	F
BOLD:AEY6174	6	Chrysomelidae	1	F
BOLD:AEY6205	40	Mycetophilidae	16	F
BOLD:AEY6610	6	Depressariidae	4	F
BOLD:AEY6674	9	Erebidae	2	F
BOLD:AEY6797	5	Achilidae	1	F
BOLD:AEY6951	15	Sarcophagidae	2	F
BOLD:AEY6968	5	Stratiomyidae	2	F
BOLD:AEY7272	20	Cicadellidae	2	F
BOLD:AEY7640	7	Myrmicinae	1	F
BOLD:AEY8110	19	Lymantriinae	3	F
BOLD:AEY8541	3	Diptera	1	F
BOLD:AEY8762	11	Lepidoptera	6	F
BOLD:AEY9013	2	Blattodea	1	F
BOLD:AEY9348	3	Carabidae	2	F
BOLD:AEY9761	6	Coleoptera	1	F
BOLD:AEY9955	5	Cosmopterigidae	1	F
BOLD:AEY9992	22	Geometridae	12	F
BOLD:AEZ0050	11	Blattodea	4	F
BOLD:AEZ0383	2	Pompilidae	1	F
BOLD:AEZ0646	5	Siculodinae	1	F
BOLD:AEZ1634	16	Coleoptera	12	F
BOLD:AEZ1751	2	Lepidoptera	1	F
BOLD:AEZ1850	5	Hemiptera	3	F
BOLD:AEZ1858	28	Erebidae	12	F
BOLD:AEZ2081	4	Diptera	2	F
BOLD:AEZ2194	9	Dictyopharidae	6	F
BOLD:AEZ2586	4	Carabidae	2	F
BOLD:AEZ3138	7	Tettigoniidae	2	F
BOLD:AEZ3179	2	Lepidoptera	1	F
BOLD:AEZ3593	31	Phalerinae	6	F
BOLD:AEZ4069	3	Carabidae	1	F
BOLD:AEZ4249	29	Noctuidae	6	F
BOLD:AEZ4479	7	Phalerinae	5	F
BOLD:AEZ4552	4	Coleoptera	3	F
BOLD:AEZ4581	27	Zeuzerinae	3	F
BOLD:AEZ5136	12	Hemiptera	7	F
BOLD:AEZ5679	2	Staphylinidae	1	F
BOLD:AEZ5839	7	Elateridae	6	F
BOLD:AEZ5847	8	Erotylidae	2	F
BOLD:AEZ6649	40	Elateridae	34	F
BOLD:AEZ7129	3	Coleoptera	1	F
BOLD:AEZ7173	11	Coleoptera	9	F
BOLD:AEZ7420	7	Hypeninae	3	F
BOLD:AEZ7600	15	Lepidoptera	4	F
BOLD:AEZ7609	5	Miridae	1	F
BOLD:AEZ7652	11	Hemiptera	7	F
BOLD:AEZ7660	3	Hemiptera	2	F
BOLD:AEZ7748	3	Coleoptera	1	F
BOLD:AEZ7928	9	Hymenoptera	2	F
BOLD:AEZ8030	4	Hemiptera	2	F
BOLD:AEZ8928	25	Gryllotalpidae	14	F
BOLD:AFA6840	3	Acridinae	1	F
BOLD:AFB5922	3	Ichneumonidae	1	F
BOLD:AFB8577	7	Gryllidae	5	F
BOLD:AFC1093	58	Cecidomyiidae	1	F
BOLD:AFC3952	77	Muscidae	1	F
BOLD:AFC6663	4	Hybotidae	1	F
BOLD:AFD3626	2	Chrysomelidae	1	F
BOLD:AFD3719	2	Erebidae	1	F
BOLD:AFE6546	3	Lepidoptera	1	F
BOLD:AFF3881	5	Lasiocampinae	1	F
BOLD:AFG0445	2	Gelechiidae	1	F
BOLD:AFG2065	2	Ennominae	1	F
BOLD:AFG3932	2	Crambidae	1	F
BOLD:AFG5854	5	Crambidae	1	F
BOLD:AFG9160	8	Lymantriinae	1	F
BOLD:AFH2970	5	Lepidoptera	1	F
BOLD:AFH5764	5	Lepidoptera	2	F
BOLD:AFH7862	6	Cicadellidae	5	F
BOLD:AFI1489	2	Coleoptera	1	F
BOLD:AFI2815	4	Sarcophagidae	1	F
BOLD:AFI5176	51	Stratiomyidae	1	F
BOLD:AFI5779	4	Coleoptera	1	F
BOLD:AFI6958	7	Orthoptera	1	F
BOLD:AFI9116	21	Chironomidae	1	F
BOLD:AFI9179	5	Chironomidae	1	F
BOLD:AFJ6876	8	Procus hypoxantha	2	F
BOLD:AFL8324	85	Olethreutinae	1	F
BOLD:AFM4320	20	Tetrigidae	6	F
BOLD:AFM4320	20	Tetriginae	2	F
BOLD:AFN3762	4	Coleoptera	3	F
BOLD:AFN4695	2	Hemiptera	1	F
BOLD:AFO2251	3	Coleoptera	2	F
BOLD:AFO5530	5	Hemiptera	3	F
BOLD:AFO7364	3	Pompilinae	1	F
BOLD:AFP2834	27	Ennominae	6	F
BOLD:AFP7499	9	Chironomidae	1	F
BOLD:AFQ3171	17	Noctuidae	11	F
BOLD:AFQ3785	4	Noctuidae	2	F
BOLD:AFU2451	4	Hemiptera	1	F
BOLD:AFU2612	5	Harpalinae	2	F
BOLD:AFU6592	12	Noctuidae	1	F
BOLD:AFU9172	10	Chrysopidae	1	F
BOLD:AFV1552	214	Ponerinae	15	F
BOLD:AFV9633	5	Reduviidae	3	F
BOLD:AFW1826	35	Bengaliinae	18	F
BOLD:AFX3628	4	Orthoptera	2	F
BOLD:AFX4134	2	Tetrigidae	1	F
BOLD:AFX5362	3	Hemiptera	2	F
BOLD:AFX7120	16	Mecoptera	3	F
BOLD:AFY5676	3	Hydrometridae	2	F
BOLD:AFY5842	17	Pentatomidae	14	F
BOLD:AFY6120	3	Pentatomidae	2	F
BOLD:AFY6345	6	Hemiptera	2	F
BOLD:AFY6345	6	Pentatomidae	1	F
BOLD:AFY6671	6	Reduviidae	3	F
BOLD:AFY6943	6	Orthoptera	5	F
BOLD:AFZ8349	9	Coleoptera	2	F
BOLD:AFZ8349	9	Endomychidae	1	F
BOLD:AFZ9032	8	Coleoptera	1	F
BOLD:AFZ9032	8	Hydrophilidae	3	F
BOLD:AFZ9235	4	Coleoptera	1	F
BOLD:AFZ9456	2	Carabidae	1	F
BOLD:AFZ9746	3	Carabidae	2	F
BOLD:AFZ9984	11	Hydrophilidae	7	F
BOLD:AGA0038	3	Anthribidae	2	F
BOLD:AGA0059	2	Scarabaeidae	1	F
BOLD:AGA7612	3	Gryllotalpinae	1	F
BOLD:AGA9161	12	Erebinae	5	F
BOLD:AGA9162	47	Noctuidae	7	F
BOLD:AGB1572	5	Tetrigidae	1	F
BOLD:AGB1572	5	Tetriginae	2	F
BOLD:AGB1743	12	Staphylinidae	3	F
BOLD:AGB1898	8	Sciaridae	1	F
BOLD:AGB1944	3	Scarabaeidae	2	F
BOLD:AGB2875	4	Pyralidae	3	F
BOLD:AGB2878	3	Pyralidae	2	F
BOLD:AGB2880	2	Pyralidae	1	F
BOLD:AGB2883	3	Pyralidae	2	F
BOLD:AGB2889	3	Pyralidae	1	F
BOLD:AGB2894	3	Epipaschiinae	2	F
BOLD:AGB2899	2	Pyralidae	1	F
BOLD:AGB3225	3	Phycitinae	2	F
BOLD:AGB3228	2	Phycitinae	1	F
BOLD:AGB3344	9	Notodontidae	1	F
BOLD:AGB3344	9	Phalerinae	6	F
BOLD:AGB3444	6	Orthoptera	3	F
BOLD:AGB3452	13	Orthoptera	9	F
BOLD:AGB3456	6	Orthoptera	4	F
BOLD:AGB3462	15	Orthoptera	12	F
BOLD:AGB3463	4	Orthoptera	2	F
BOLD:AGB3475	8	Orthoptera	3	F
BOLD:AGB3510	2	Ophioninae	1	F
BOLD:AGB3613	6	Olethreutinae	4	F
BOLD:AGB3669	2	Notodontidae	1	F
BOLD:AGB3671	3	Lepidoptera	1	F
BOLD:AGB3682	3	Nolidae	2	F
BOLD:AGB3688	11	Noctuinae	3	F
BOLD:AGB3695	21	Noctuidae	7	F
BOLD:AGB3696	28	Noctuidae	17	F
BOLD:AGB3697	4	Noctuidae	1	F
BOLD:AGB3701	4	Noctuidae	1	F
BOLD:AGB3984	3	Nasutitermitinae	2	F
BOLD:AGB4093	10	Muscinae	1	F
BOLD:AGB4366	4	Limacodinae	2	F
BOLD:AGB4367	13	Limacodidae	6	F
BOLD:AGB4370	3	Limacodidae	1	F
BOLD:AGB4372	3	Limacodidae	2	F
BOLD:AGB4373	3	Limacodidae	2	F
BOLD:AGB4399	6	Lepidoptera	5	F
BOLD:AGB4402	28	Lepidoptera	5	F
BOLD:AGB4406	3	Lepidoptera	2	F
BOLD:AGB4407	3	Lepidoptera	1	F
BOLD:AGB4418	15	Lepidoptera	4	F
BOLD:AGB4419	2	Lepidoptera	1	F
BOLD:AGB4422	5	Lepidoptera	3	F
BOLD:AGB4426	9	Lepidoptera	6	F
BOLD:AGB4428	2	Lepidoptera	1	F
BOLD:AGB4429	2	Lepidoptera	1	F
BOLD:AGB4430	6	Lepidoptera	1	F
BOLD:AGB4436	3	Lepidoptera	2	F
BOLD:AGB4437	5	Lepidoptera	4	F
BOLD:AGB4439	10	Lepidoptera	4	F
BOLD:AGB4441	5	Lepidoptera	2	F
BOLD:AGB4482	23	Lepidoptera	4	F
BOLD:AGB4486	18	Erebidae	3	F
BOLD:AGB4488	6	Lepidoptera	1	F
BOLD:AGB4489	6	Lepidoptera	1	F
BOLD:AGB4491	2	Lepidoptera	1	F
BOLD:AGB4496	3	Lepidoptera	1	F
BOLD:AGB4518	2	Lepidoptera	1	F
BOLD:AGB4550	2	Lepidoptera	1	F
BOLD:AGB4552	2	Lepidoptera	1	F
BOLD:AGB4553	2	Lepidoptera	1	F
BOLD:AGB4556	3	Lepidoptera	1	F
BOLD:AGB4558	4	Lepidoptera	2	F
BOLD:AGB4561	5	Lepidoptera	3	F
BOLD:AGB4596	6	Lepidoptera	1	F
BOLD:AGB4625	3	Lepidoptera	1	F
BOLD:AGB4630	4	Lepidoptera	1	F
BOLD:AGB4670	4	Erebidae	1	F
BOLD:AGB4684	30	Erebidae	5	F
BOLD:AGB4684	30	Lepidoptera	18	F
BOLD:AGB4689	30	Lepidoptera	21	F
BOLD:AGB4695	2	Lepidoptera	1	F
BOLD:AGB4769	4	Lepidoptera	1	F
BOLD:AGB4994	181	Dorylinae	103	F
BOLD:AGB5358	3	Dorylinae	2	F
BOLD:AGB5605	2	Pompilidae	1	F
BOLD:AGB5644	2	Agathidinae	1	F
BOLD:AGB5674	8	Formicidae	5	F
BOLD:AGB5697	2	Hymenoptera	1	F
BOLD:AGB5969	2	Rogadinae	1	F
BOLD:AGB6649	13	Cydnidae	1	F
BOLD:AGB6649	13	Hemiptera	11	F
BOLD:AGB6655	3	Hemiptera	2	F
BOLD:AGB6681	13	Cydnidae	4	F
BOLD:AGB6681	13	Hemiptera	5	F
BOLD:AGB6694	6	Hemiptera	2	F
BOLD:AGB6694	6	Rhyparochromidae	2	F
BOLD:AGB6695	17	Hemiptera	9	F
BOLD:AGB6695	17	Pentatomidae	2	F
BOLD:AGB6699	5	Hemiptera	1	F
BOLD:AGB6699	5	Reduviidae	1	F
BOLD:AGB6700	11	Hemiptera	4	F
BOLD:AGB6700	11	Pentatomidae	1	F
BOLD:AGB6779	4	Cydnidae	1	F
BOLD:AGB6779	4	Hemiptera	1	F
BOLD:AGB6781	11	Hemiptera	7	F
BOLD:AGB6807	9	Largidae	8	F
BOLD:AGB6814	3	Hemiptera	1	F
BOLD:AGB6814	3	Miridae	1	F
BOLD:AGB6828	8	Cydnidae	1	F
BOLD:AGB6828	8	Hemiptera	5	F
BOLD:AGB6834	4	Hemiptera	1	F
BOLD:AGB6834	4	Pentatomidae	1	F
BOLD:AGB6840	18	Hemiptera	11	F
BOLD:AGB6840	18	Pentatomidae	1	F
BOLD:AGB6845	2	Cydnidae	1	F
BOLD:AGB6879	2	Ricaniidae	1	F
BOLD:AGB6905	12	Hemiptera	8	F
BOLD:AGB6907	4	Hemiptera	3	F
BOLD:AGB7067	5	Cydnidae	3	F
BOLD:AGB7076	2	Hemiptera	1	F
BOLD:AGB7160	3	Harpalinae	1	F
BOLD:AGB7161	6	Harpalinae	5	F
BOLD:AGB7295	7	Gelechiidae	1	F
BOLD:AGB7351	12	Flatidae	6	F
BOLD:AGB7541	3	Erebinae	2	F
BOLD:AGB7543	11	Erebidae	1	F
BOLD:AGB7546	17	Erebidae	6	F
BOLD:AGB7547	5	Erebidae	3	F
BOLD:AGB7548	7	Erebidae	2	F
BOLD:AGB7549	6	Erebidae	2	F
BOLD:AGB7550	6	Erebidae	2	F
BOLD:AGB7552	13	Erebidae	5	F
BOLD:AGB7558	2	Erebidae	1	F
BOLD:AGB7560	10	Erebidae	4	F
BOLD:AGB7567	6	Erebidae	5	F
BOLD:AGB7568	2	Erebidae	1	F
BOLD:AGB7576	6	Erebidae	4	F
BOLD:AGB7590	2	Erebidae	1	F
BOLD:AGB7657	2	Ennominae	1	F
BOLD:AGB7682	2	Elmidae	1	F
BOLD:AGB7693	14	Blaberidae	1	F
BOLD:AGB7693	14	Ectobiidae	3	F
BOLD:AGB7697	3	Dytiscidae	2	F
BOLD:AGB7816	2	Dolichopodidae	1	F
BOLD:AGC0015	3	Dicranurinae	2	F
BOLD:AGC0063	4	Dermaptera	3	F
BOLD:AGC0160	3	Crambidae	1	F
BOLD:AGC0168	2	Crambidae	1	F
BOLD:AGC0240	50	Coleoptera	16	F
BOLD:AGC0240	50	Scarabaeidae	30	F
BOLD:AGC0241	3	Carabidae	1	F
BOLD:AGC0241	3	Coleoptera	1	F
BOLD:AGC0245	3	Chrysomelidae	2	F
BOLD:AGC0329	3	Coleoptera	2	F
BOLD:AGC0330	15	Coleoptera	8	F
BOLD:AGC0330	15	Staphylinidae	4	F
BOLD:AGC0332	19	Coleoptera	4	F
BOLD:AGC0332	19	Scarabaeidae	10	F
BOLD:AGC0333	25	Coleoptera	8	F
BOLD:AGC0333	25	Scarabaeidae	2	F
BOLD:AGC0339	2	Coleoptera	1	F
BOLD:AGC0342	3	Coleoptera	1	F
BOLD:AGC0343	11	Coleoptera	6	F
BOLD:AGC0344	26	Coleoptera	24	F
BOLD:AGC0345	11	Coleoptera	3	F
BOLD:AGC0345	11	Scarabaeidae	6	F
BOLD:AGC0346	2	Coleoptera	1	F
BOLD:AGC0347	10	Scarabaeidae	5	F
BOLD:AGC0350	2	Coleoptera	1	F
BOLD:AGC0352	2	Coleoptera	1	F
BOLD:AGC0371	9	Coleoptera	5	F
BOLD:AGC0371	9	Scarabaeidae	1	F
BOLD:AGC0400	2	Cerambycidae	1	F
BOLD:AGC0417	13	Coleoptera	8	F
BOLD:AGC0417	13	Elateridae	4	F
BOLD:AGC0420	14	Coleoptera	8	F
BOLD:AGC0420	14	Hydrophilidae	1	F
BOLD:AGC0435	4	Coleoptera	1	F
BOLD:AGC0508	3	Coleoptera	1	F
BOLD:AGC0527	3	Coleoptera	1	F
BOLD:AGC0651	2	Coleoptera	1	F
BOLD:AGC0661	2	Scarabaeidae	1	F
BOLD:AGC0662	6	Coleoptera	1	F
BOLD:AGC0663	2	Coleoptera	1	F
BOLD:AGC0707	2	Coleoptera	1	F
BOLD:AGC0756	4	Coleoptera	1	F
BOLD:AGC0756	4	Tenebrionidae	1	F
BOLD:AGC0761	43	Tenebrionidae	1	F
BOLD:AGC0812	7	Coleoptera	1	F
BOLD:AGC0812	7	Scarabaeidae	2	F
BOLD:AGC0819	3	Coleoptera	1	F
BOLD:AGC0819	3	Staphylinidae	1	F
BOLD:AGC0827	8	Coleoptera	6	F
BOLD:AGC0853	2	Chrysomelidae	1	F
BOLD:AGC0863	4	Coleoptera	1	F
BOLD:AGC0863	4	Scarabaeidae	1	F
BOLD:AGC1339	6	Chloephorinae	2	F
BOLD:AGC1493	56	Cerambycidae	1	F
BOLD:AGC2173	5	Carabidae	2	F
BOLD:AGC2175	2	Carabidae	1	F
BOLD:AGC2176	8	Carabidae	6	F
BOLD:AGC2177	2	Carabidae	1	F
BOLD:AGC2183	3	Carabidae	1	F
BOLD:AGC2219	2	Calliphoridae	1	F
BOLD:AGC2283	10	Macrocentrinae	9	F
BOLD:AGC2322	3	Blattodea	2	F
BOLD:AGC2326	12	Blattodea	8	F
BOLD:AGC2327	57	Blattodea	2	F
BOLD:AGC2367	3	Belostomatidae	2	F
BOLD:AGC2987	6	Arctiinae	2	F
BOLD:AGC2988	5	Arctiinae	1	F
BOLD:AGC3040	3	Araneae	1	F
BOLD:AGC3292	3	Alydidae	1	F
BOLD:AGC3337	5	Coccygidium	4	F
BOLD:AGC3338	9	Coccygidium	5	F
BOLD:AGC3340	18	Aganainae	7	F
BOLD:AGC3442	145	Arctiinae	29	F
BOLD:AGC3446	11	Herminiinae	4	F
BOLD:AGC3515	5	Hemiptera	1	F
BOLD:AGC3525	4	Hemiptera	2	F
BOLD:AGC3643	5	Zeuzerinae	3	F
BOLD:AGC3806	8	Calpinae	6	F
BOLD:AGC3821	15	Carabidae	11	F
BOLD:AGC3834	3	Harpalinae	2	F
BOLD:AGC3942	6	Lymantriinae	3	F
BOLD:AGC3944	7	Gryllotalpinae	5	F
BOLD:AGC4016	3	Chloephorinae	1	F
BOLD:AGC4067	3	Scarabaeinae	1	F
BOLD:AGC4072	9	Scarabaeidae	3	F
BOLD:AGC4075	2	Scarabaeidae	1	F
BOLD:AGC4151	2	Geometrinae	1	F
BOLD:AGC4182	19	Ennominae	3	F
BOLD:AGC4223	18	Bostrichidae	11	F
BOLD:AGC4324	2	Lepidoptera	1	F
BOLD:AGC4332	6	Rhiniinae	3	F
BOLD:AGC4338	7	Arctiinae	2	F
BOLD:AGC4355	3	Lepidoptera	1	F
BOLD:AGC4359	4	Orthoptera	2	F
BOLD:AGC4360	3	Orthoptera	1	F
BOLD:AGC4381	6	Formicidae	3	F
BOLD:AGC4382	2	Formicidae	1	F
BOLD:AGC4429	2	Tingidae	1	F
BOLD:AGC4446	518	Deltocephalinae	1	F
BOLD:AGC4587	2	Pyralidae	1	F
BOLD:AGC4593	4	Pyralidae	3	F
BOLD:AGC4598	10	Oedipodinae	6	F
BOLD:AGC4640	4	Eustrotiinae	3	F
BOLD:AGC4737	20	Coleoptera	16	F
BOLD:AGC4758	9	Chloephorinae	3	F
BOLD:AGC4864	3	Noctuidae	1	F
BOLD:AGC4871	20	Crambinae	3	F
BOLD:AGC4872	12	Erebinae	2	F
BOLD:AGC5003	8	Ichneumonidae	2	F
BOLD:AGC5050	11	Erebinae	4	F
BOLD:AGC5054	40	Erebidae	23	F
BOLD:AGC5055	25	Erebidae	5	F
BOLD:AGC5077	8	Stictopterinae	1	F
BOLD:AGC5091	3	Sterrhinae	1	F
BOLD:AGC5263	3	Calpinae	1	F
BOLD:AGC5305	7	Spilomelinae	1	F
BOLD:AGC5463	3	Elateridae	1	F
BOLD:AGC5519	5	Blattellidae	3	F
BOLD:AGC5639	2	Acontiinae	1	F
BOLD:AGC7598	7	Psylloidea_incertae_sedis	1	F
BOLD:AGC7606	7	Hemiptera	1	F
BOLD:AGC7616	18	Hemiptera	1	F
BOLD:AGC8987	2	Ceratopogonidae	1	F
BOLD:AGC9586	2	Curculionidae	1	F
BOLD:AGD1169	2	Scarabaeidae	1	F
BOLD:AGD3068	11	Orthoptera	3	F
BOLD:AGD4472	4	Macrotermitinae	2	F
BOLD:AGD4955	2	Lepidoptera	1	F
BOLD:AGD4958	7	Lepidoptera	1	F
BOLD:AGD8273	5	Hemiptera	4	F
BOLD:AGD8839	2	Eupterotidae	1	F
BOLD:AGE2553	2	Curculionidae	1	F
BOLD:AGE2554	2	Chrysomelidae	1	F
BOLD:AGE2660	2	Elateridae	1	F
BOLD:AGE3119	3	Brentidae	2	F
BOLD:AGE3279	2	Cleridae	1	F
BOLD:AGE3369	2	Cicadellidae	1	F
BOLD:AGE4502	2	Cecidomyiidae	1	F
BOLD:AGE5003	3	Calliphoridae	1	F
BOLD:AGE7398	61	Scarabaeidae	29	F
BOLD:AGE7399	5	Scarabaeidae	3	F
BOLD:AGE7400	4	Scarabaeidae	1	F
BOLD:AGE7401	6	Scarabaeidae	5	F
BOLD:AGE7778	7	Cerambycidae	4	F
BOLD:AGE7819	3	Lepidoptera	1	F
BOLD:AGE7871	2	Delphacidae	1	F
BOLD:AGE8096	4	Cydnidae	2	F
BOLD:AGE8770	2	Erebinae	1	F
BOLD:AGE8818	2	Prioninae	1	F
BOLD:AGE8955	44	Phlebotominae	1	F
BOLD:AGG2153	58	Sarcophaginae	1	F
BOLD:AGG3230	8	Scraptiidae	1	F
BOLD:AGG3468	11	Formicidae	1	F
BOLD:AGJ8792	882	Myrmicinae	6	F
BOLD:AGP5018	16	Cydninae	13	F
BOLD:AGR5828	4	Spilomelinae	1	F
BOLD:AGT3988	39	Orthocladiinae	1	F
BOLD:AGZ2073	2	Doryctinae	1	F
BOLD:AGZ2288	9	Staphylinidae	1	F
BOLD:AGZ2390	256	Cicadellidae	2	F
BOLD:AGZ2462	2	Limoniidae	1	F
BOLD:AGZ2502	5	Opiinae	2	F
BOLD:AGZ2632	20	Oditinae	1	F
BOLD:AGZ2640	2	Gryllidae	1	F
BOLD:AGZ2705	6	Lepidoptera	2	F
BOLD:AGZ2769	16	Chloropidae	1	F